{"type":"FeatureCollection","features":[{"type":"Feature","geometry":{"type":"Point","coordinates":[-60.295513,-37.039669]},"properties":{"id":"IND-CEM-001","empresa":"Loma Negra CIASA (Grupo InterCement)","planta":"L'Amalí (I y II)","categoria":"Cemento, Cal y Yeso","categoria_cod":"CEM","subsector":"Cemento","tipo":"PLANTA","producto_principal":"Clinker y cemento portland","capacidad_declarada":"Línea 2 (\"L'Amalí II\", 2021, US$350M) sumó ~25% a la producción nacional de la empresa","origen_materia_prima":"Caliza de canteras propias en Olavarría (Sierras de Tandilia)","estado_operativo":"ACTIVA","ubicacion_texto":"Camino Real s/n, Villa Alfredo Fortabat, Olavarría, Bs. As.","localidad":"Olavarría","provincia":"Buenos Aires","notas":"Planta de clinker más grande del país tras la ampliación de 2021.","sin_ubicar":false,"lat":-37.039669,"lon":-60.295513,"precision_ubicacion":"EXACTA","metodo_geocodificacion":"Nominatim/OSM: Fábrica L'Amalí, Partido de Olavarría, Buenos Aires, Argentina (landuse/industrial)","capacidad_estimada":null,"confianza_estimacion":null,"fuente_capacidad_estimada":"DOCUMENTO"}},{"type":"Feature","geometry":{"type":"Point","coordinates":[-59.387895,-37.683105]},"properties":{"id":"IND-CEM-002","empresa":"Loma Negra CIASA (Grupo InterCement)","planta":"Planta Barker","categoria":"Cemento, Cal y Yeso","categoria_cod":"CEM","subsector":"Cemento","tipo":"PLANTA","producto_principal":"Cemento portland","capacidad_declarada":"Sin dato público oficial","origen_materia_prima":"Caliza local","estado_operativo":"ACTIVA","ubicacion_texto":"Est. Alfredo Fortabat (e/Barker y Loma Negra), Benito Juárez, Bs. As.","localidad":"Barker","provincia":"Buenos Aires","notas":"","sin_ubicar":false,"lat":-37.683105,"lon":-59.387895,"precision_ubicacion":"EXACTA","metodo_geocodificacion":"Nominatim/OSM: Fábrica Barker - Loma Negra, Villa Cacique, Partido de Benito Juárez, Buenos Aires, 7005, Argentina (landuse/industrial)","capacidad_estimada":"~500.000 t/año de cemento (dato histórico de la línea integral); desde 2019 reconvertida a molienda, embolsado y despacho, sin cifra vigente","confianza_estimacion":"BAJA","fuente_capacidad_estimada":"ESTIMACION_EXTERNA: Infoeme (2007, https://www.infoeme.com/nota/2007-2-21-0-0-0-loma-negra-reactivara-la-planta-de-barker-con-carbon-importado) para la cifra histórica; Ámbito (2019, https://www.ambito.com/negocios/loma-negra/fin-al-conflicto-planta-barker-seguira-operando-160-trabajadores-n5038364) y El Economista (2019, https://eleconomista.com.ar/negocios/hubo-acuerdo-cerrara-planta-loma-negra-barker-n25680) confirman que tras el conflicto gremial la planta NO cerró y quedó como centro de molienda y despacho con 160 trabajadores."}},{"type":"Feature","geometry":{"type":"Point","coordinates":[-60.159749,-33.382857]},"properties":{"id":"IND-CEM-003","empresa":"Loma Negra CIASA (Grupo InterCement)","planta":"Planta Ramallo (molienda con escoria \"Ecocemento\")","categoria":"Cemento, Cal y Yeso","categoria_cod":"CEM","subsector":"Cemento","tipo":"PLANTA","producto_principal":"Molienda de cemento (clinker + escoria de alto horno)","capacidad_declarada":"Sin dato público oficial","origen_materia_prima":"Clinker propio + escoria de Ternium San Nicolás","estado_operativo":"ACTIVA","ubicacion_texto":"Ing. Agustín Roca 315, Parque Industrial Comirsa, Ramallo, Bs. As.","localidad":"Ramallo","provincia":"Buenos Aires","notas":"Simbiosis industrial con Ternium San Nicolás (escoria de alto horno).","sin_ubicar":false,"lat":-33.382857,"lon":-60.159749,"precision_ubicacion":"EXACTA","metodo_geocodificacion":"Nominatim/OSM: Comirsa 1, Partido de Ramallo, Buenos Aires, Argentina (landuse/industrial)","capacidad_estimada":"~600.000 t/año de cemento con escoria (Ecocemento)","confianza_estimacion":"MEDIA","fuente_capacidad_estimada":"ESTIMACION_EXTERNA: La Nación, \"Cemento ecológico en Ramallo\" (1999), https://www.lanacion.com.ar/economia/cemento-ecologico-en-ramallo-nid131454/. Arranque en 300.000 t/año ampliable a 600.000 t/año para la planta Ecocemento (joint venture Loma Negra-Siderar); cifra específica de la planta aunque de fuente antigua."}},{"type":"Feature","geometry":{"type":"Point","coordinates":[-70.035223,-38.896906]},"properties":{"id":"IND-CEM-004","empresa":"Loma Negra CIASA (Grupo InterCement)","planta":"Planta Zapala","categoria":"Cemento, Cal y Yeso","categoria_cod":"CEM","subsector":"Cemento","tipo":"PLANTA","producto_principal":"Cemento portland","capacidad_declarada":"Sin dato público oficial","origen_materia_prima":"Caliza regional","estado_operativo":"ACTIVA","ubicacion_texto":"Av. Avellaneda y Coliqueo, Zapala, Neuquén","localidad":"Zapala","provincia":"Neuquén","notas":"","sin_ubicar":false,"lat":-38.896906,"lon":-70.035223,"precision_ubicacion":"EXACTA","metodo_geocodificacion":"Nominatim/OSM: Loma Negra, S/N, Michacheo, Zapala, Municipio de Zapala, Departamento Zapala, Neuquén, Q8340, Argentina (landuse/industrial)","capacidad_estimada":null,"confianza_estimacion":null,"fuente_capacidad_estimada":"NO_DISPONIBLE"}},{"type":"Feature","geometry":{"type":"Point","coordinates":[-65.227946,-28.467526]},"properties":{"id":"IND-CEM-005","empresa":"Loma Negra CIASA (Grupo InterCement)","planta":"Planta Catamarca","categoria":"Cemento, Cal y Yeso","categoria_cod":"CEM","subsector":"Cemento","tipo":"PLANTA","producto_principal":"Cemento portland","capacidad_declarada":"Sin dato público oficial","origen_materia_prima":"Caliza local","estado_operativo":"ACTIVA","ubicacion_texto":"Paraje La Calera, El Alto, Catamarca","localidad":"El Alto","provincia":"Catamarca","notas":"","sin_ubicar":false,"lat":-28.467526,"lon":-65.227946,"precision_ubicacion":"EXACTA","metodo_geocodificacion":"Nominatim/OSM: Loma Negra, Municipio de Tapso, Departamento El Alto, Catamarca, K4235, Argentina (landuse/industrial)","capacidad_estimada":null,"confianza_estimacion":null,"fuente_capacidad_estimada":"NO_DISPONIBLE"}},{"type":"Feature","geometry":{"type":"Point","coordinates":[-68.675022,-31.548879]},"properties":{"id":"IND-CEM-006","empresa":"Loma Negra CIASA (Grupo InterCement)","planta":"Planta San Juan","categoria":"Cemento, Cal y Yeso","categoria_cod":"CEM","subsector":"Cemento","tipo":"PLANTA","producto_principal":"Cemento (molienda)","capacidad_declarada":"Sin dato público oficial","origen_materia_prima":"Sin dato público oficial","estado_operativo":"ACTIVA","ubicacion_texto":"Ruta Provincial 12, Rivadavia, San Juan","localidad":"Rivadavia","provincia":"San Juan","notas":"","sin_ubicar":false,"lat":-31.548879,"lon":-68.675022,"precision_ubicacion":"EXACTA","metodo_geocodificacion":"Nominatim/OSM: Loma Negra, 16000 (O), Comuna La Bebida, Rivadavia, San Juan, 5478, Argentina (landuse/industrial)","capacidad_estimada":"~400 t/día de producción histórica (≈146.000 t/año); reconvertida en 2019 solo a molienda y despacho, sin cifra vigente","confianza_estimacion":"BAJA","fuente_capacidad_estimada":"ESTIMACION_EXTERNA: BAE Negocios / Cámara Minera San Juan (2019), https://www.baenegocios.com/negocios/Despues-de-60-anos-Loma-Negra-deja-de-producir-cemento-en-San-Juan-20190902-0025.html. Cifra previa al cierre de la línea de clínker; hoy solo muele y ensaca clínker de Catamarca."}},{"type":"Feature","geometry":{"type":"Point","coordinates":[-60.156107,-36.936653]},"properties":{"id":"IND-CEM-007","empresa":"Loma Negra CIASA (Grupo InterCement)","planta":"Planta Sierras Bayas","categoria":"Cemento, Cal y Yeso","categoria_cod":"CEM","subsector":"Cemento","tipo":"PLANTA","producto_principal":"Ex-molienda y embolsado (primera planta del país, 1919)","capacidad_declarada":"Cerrada — 0","origen_materia_prima":"Sin dato público oficial","estado_operativo":"CERRADA","ubicacion_texto":"Sierras Bayas, Olavarría, Bs. As.","localidad":"Sierras Bayas","provincia":"Buenos Aires","notas":"Cerrada en 2019. Primera planta de cemento del país (1919); valor patrimonial.","sin_ubicar":false,"lat":-36.936653,"lon":-60.156107,"precision_ubicacion":"EXACTA","metodo_geocodificacion":"Nominatim/OSM: Sierras Bayas, Partido de Olavarría, Buenos Aires, Argentina (boundary/administrative)","capacidad_estimada":null,"confianza_estimacion":null,"fuente_capacidad_estimada":"DOCUMENTO"}},{"type":"Feature","geometry":{"type":"Point","coordinates":[-64.362386,-31.478374]},"properties":{"id":"IND-CEM-008","empresa":"Holcim Argentina","planta":"Malagueño (Centro Industrial Córdoba)","categoria":"Cemento, Cal y Yeso","categoria_cod":"CEM","subsector":"Cemento","tipo":"PLANTA","producto_principal":"Clinker, cemento y morteros","capacidad_declarada":"Ampliación 2021 (US$120M): +512.000 t/año clinker y +635.000 t/año cemento; planta de morteros Tector 120.000 t/año","origen_materia_prima":"Caliza de Malagueño/Yocsina","estado_operativo":"ACTIVA","ubicacion_texto":"Malagueño, Depto. Santa María, Córdoba","localidad":"Malagueño","provincia":"Córdoba","notas":"","sin_ubicar":false,"lat":-31.478374,"lon":-64.362386,"precision_ubicacion":"EXACTA","metodo_geocodificacion":"Nominatim/OSM: Acceso a Fábrica Holcim, Camino Blanco, Malagueño, Municipio de Malagueño, Pedanía Calera, Departamento Santa María, Córdoba, X5186, Argentina (highway/residential)","capacidad_estimada":null,"confianza_estimacion":null,"fuente_capacidad_estimada":"DOCUMENTO"}},{"type":"Feature","geometry":{"type":"Point","coordinates":[-59.01284,-34.149783]},"properties":{"id":"IND-CEM-009","empresa":"Holcim Argentina","planta":"Planta Campana","categoria":"Cemento, Cal y Yeso","categoria_cod":"CEM","subsector":"Cemento","tipo":"PLANTA","producto_principal":"Cemento (molienda)","capacidad_declarada":"Sin dato público oficial","origen_materia_prima":"Clinker interno + insumos importados por puerto","estado_operativo":"ACTIVA","ubicacion_texto":"Ruta Nacional 9 km 81,5, Campana, Bs. As.","localidad":"Campana","provincia":"Buenos Aires","notas":"","sin_ubicar":false,"lat":-34.149783,"lon":-59.01284,"precision_ubicacion":"EXACTA","metodo_geocodificacion":"Nominatim/OSM: Holcim Argentina, Campana, Partido de Zárate, Buenos Aires, B2804NPA, Argentina (landuse/industrial)","capacidad_estimada":"más de 1.000.000 t/año de cemento","confianza_estimacion":"ALTA","fuente_capacidad_estimada":"ESTIMACION_EXTERNA: Holcim Argentina, comunicado \"Holcim Argentina celebra los 25 años de su Planta en Campana\" (nov. 2024), https://www.holcim.com.ar/prensa/holcim-argentina-celebra-los-25-anos-de-su-planta-en-campana. Fuente oficial de la empresa con cifra directa para esta planta."}},{"type":"Feature","geometry":{"type":"Point","coordinates":[-64.95658,-24.490395]},"properties":{"id":"IND-CEM-010","empresa":"Holcim Argentina","planta":"Planta Puesto Viejo","categoria":"Cemento, Cal y Yeso","categoria_cod":"CEM","subsector":"Cemento","tipo":"PLANTA","producto_principal":"Cemento","capacidad_declarada":"Sin dato público oficial","origen_materia_prima":"Caliza local","estado_operativo":"ACTIVA","ubicacion_texto":"Ruta 53 s/n, Puesto Viejo, Jujuy","localidad":"Puesto Viejo","provincia":"Jujuy","notas":"","sin_ubicar":false,"lat":-24.490395,"lon":-64.95658,"precision_ubicacion":"EXACTA","metodo_geocodificacion":"Nominatim/OSM: Planta de producción de cemento Holcim, Municipio de Puesto Viejo, Departamento El Carmen, Jujuy, Argentina (landuse/industrial)","capacidad_estimada":null,"confianza_estimacion":null,"fuente_capacidad_estimada":"NO_DISPONIBLE"}},{"type":"Feature","geometry":{"type":"Point","coordinates":[-68.843485,-32.73992]},"properties":{"id":"IND-CEM-011","empresa":"Holcim Argentina","planta":"Planta Capdeville","categoria":"Cemento, Cal y Yeso","categoria_cod":"CEM","subsector":"Cemento","tipo":"PLANTA","producto_principal":"Cemento","capacidad_declarada":"Sin dato público oficial","origen_materia_prima":"Caliza local","estado_operativo":"ACTIVA","ubicacion_texto":"Ruta Provincial 52 km 17,5, Capdeville, Las Heras, Mendoza","localidad":"Capdeville","provincia":"Mendoza","notas":"","sin_ubicar":false,"lat":-32.73992,"lon":-68.843485,"precision_ubicacion":"EXACTA","metodo_geocodificacion":"Nominatim/OSM: Holcim - Planta Capdeville, Distrito Capdevilla, Departamento Las Heras, Mendoza, Argentina (landuse/industrial)","capacidad_estimada":null,"confianza_estimacion":null,"fuente_capacidad_estimada":"NO_DISPONIBLE"}},{"type":"Feature","geometry":{"type":"Point","coordinates":[-64.364725,-31.445878]},"properties":{"id":"IND-CEM-012","empresa":"Holcim Argentina","planta":"Ex planta Yocsina","categoria":"Cemento, Cal y Yeso","categoria_cod":"CEM","subsector":"Cemento","tipo":"PLANTA","producto_principal":"Ex-molienda","capacidad_declarada":"Cerrada, producción unificada en Malagueño","origen_materia_prima":"Sin dato público oficial","estado_operativo":"CERRADA","ubicacion_texto":"Yocsina, Córdoba","localidad":"Yocsina","provincia":"Córdoba","notas":"Cerrada en 2021.","sin_ubicar":false,"lat":-31.445878,"lon":-64.364725,"precision_ubicacion":"EXACTA","metodo_geocodificacion":"Nominatim/OSM: Yocsina, Municipio de Malagueño, Pedanía Calera, Departamento Santa María, Córdoba, X5186, Argentina (place/village)","capacidad_estimada":null,"confianza_estimacion":null,"fuente_capacidad_estimada":"DOCUMENTO"}},{"type":"Feature","geometry":{"type":"Point","coordinates":[-60.25825,-36.966172]},"properties":{"id":"IND-CEM-013","empresa":"Cementos Avellaneda S.A. (Cementos Molins / Votorantim)","planta":"Planta Olavarría (San Jacinto)","categoria":"Cemento, Cal y Yeso","categoria_cod":"CEM","subsector":"Cemento","tipo":"PLANTA","producto_principal":"Clinker y cemento","capacidad_declarada":"Ampliación de línea en curso (obra IMPO en Parque Industrial Olavarría II)","origen_materia_prima":"Caliza Sierras de Tandilia","estado_operativo":"ACTIVA","ubicacion_texto":"Paraje San Jacinto, Olavarría, Bs. As. (inicio 1937)","localidad":"Olavarría","provincia":"Buenos Aires","notas":"","sin_ubicar":false,"lat":-36.966172,"lon":-60.25825,"precision_ubicacion":"EXACTA","metodo_geocodificacion":"Nominatim/OSM: San Jacinto, Olavarría, Partido de Olavarría, Buenos Aires, 7403, Argentina (place/isolated_dwelling)","capacidad_estimada":null,"confianza_estimacion":null,"fuente_capacidad_estimada":"DOCUMENTO"}},{"type":"Feature","geometry":{"type":"Point","coordinates":[-66.842473,-32.87729]},"properties":{"id":"IND-CEM-014","empresa":"Cementos Avellaneda S.A. (Cementos Molins / Votorantim)","planta":"Planta San Luis (La Calera)","categoria":"Cemento, Cal y Yeso","categoria_cod":"CEM","subsector":"Cemento","tipo":"PLANTA","producto_principal":"Cemento","capacidad_declarada":"Sin dato público oficial","origen_materia_prima":"Caliza local","estado_operativo":"ACTIVA","ubicacion_texto":"La Calera, Depto. Belgrano, San Luis (inicio 1975)","localidad":"La Calera","provincia":"San Luis","notas":"","sin_ubicar":false,"lat":-32.87729,"lon":-66.842473,"precision_ubicacion":"EXACTA","metodo_geocodificacion":"Nominatim/OSM: La Calera, Comisión Municipal de La Calera, Belgrano, San Luis, Argentina (place/village)","capacidad_estimada":"~1.000.000 t/año de cemento (ampliada desde 300.000 t/año)","confianza_estimacion":"ALTA","fuente_capacidad_estimada":"ESTIMACION_EXTERNA: International Cement Review / Global Cement Report, https://www.cemnet.com/News/story/162578/cementos-avellaneda-will-raise-capacity-at-its-la-calera-plant-by-2019.html. Prensa especializada del sector con cifra directa (0,3 Mt/a ampliada a 1 Mt/a)."}},{"type":"Feature","geometry":{"type":"Point","coordinates":[-58.602499,-34.673203]},"properties":{"id":"IND-CEM-015","empresa":"Cementos Avellaneda S.A. (Cementos Molins / Votorantim)","planta":"Planta hormigones San Justo","categoria":"Cemento, Cal y Yeso","categoria_cod":"CEM","subsector":"Hormigón","tipo":"PLANTA","producto_principal":"Hormigón elaborado","capacidad_declarada":"Sin dato público oficial","origen_materia_prima":"Cemento propio","estado_operativo":"ACTIVA","ubicacion_texto":"Chenaut 435, Villa Luzuriaga, Bs. As.","localidad":"Villa Luzuriaga","provincia":"Buenos Aires","notas":"","sin_ubicar":false,"lat":-34.673203,"lon":-58.602499,"precision_ubicacion":"EXACTA","metodo_geocodificacion":"Nominatim/OSM: 435, Chenaut, María Mazzarello, Villa Luzuriaga, Partido de La Matanza, Buenos Aires, 1753, Argentina (place/house)","capacidad_estimada":null,"confianza_estimacion":null,"fuente_capacidad_estimada":"NO_DISPONIBLE"}},{"type":"Feature","geometry":{"type":"Point","coordinates":[-58.56933,-34.738055]},"properties":{"id":"IND-CEM-016","empresa":"Cementos Avellaneda S.A. (Cementos Molins / Votorantim)","planta":"Planta hormigones Laferrere","categoria":"Cemento, Cal y Yeso","categoria_cod":"CEM","subsector":"Hormigón","tipo":"PLANTA","producto_principal":"Hormigón elaborado","capacidad_declarada":"Sin dato público oficial","origen_materia_prima":"Cemento propio","estado_operativo":"ACTIVA","ubicacion_texto":"Monseñor López May 1245, Isidro Casanova, Bs. As.","localidad":"Isidro Casanova","provincia":"Buenos Aires","notas":"","sin_ubicar":false,"lat":-34.738055,"lon":-58.56933,"precision_ubicacion":"EXACTA","metodo_geocodificacion":"Nominatim/OSM: Monseñor López May, Primero de Mayo, Isidro Casanova, Partido de La Matanza, Buenos Aires, 1757, Argentina (highway/residential)","capacidad_estimada":null,"confianza_estimacion":null,"fuente_capacidad_estimada":"NO_DISPONIBLE"}},{"type":"Feature","geometry":{"type":"Point","coordinates":[-58.590092,-34.510001]},"properties":{"id":"IND-CEM-017","empresa":"Cementos Avellaneda S.A. (Cementos Molins / Votorantim)","planta":"Planta hormigones José León Suárez","categoria":"Cemento, Cal y Yeso","categoria_cod":"CEM","subsector":"Hormigón","tipo":"PLANTA","producto_principal":"Hormigón elaborado","capacidad_declarada":"Sin dato público oficial","origen_materia_prima":"Cemento propio","estado_operativo":"ACTIVA","ubicacion_texto":"Camino Parque Buen Ayre y Bajada Debenedetti, José León Suárez, Bs. As.","localidad":"José León Suárez","provincia":"Buenos Aires","notas":"","sin_ubicar":false,"lat":-34.510001,"lon":-58.590092,"precision_ubicacion":"EXACTA","metodo_geocodificacion":"Nominatim/OSM: Camino Parque del Buen Ayre, Barrio Nuevo, Villa José León Suárez, Partido de General San Martín, Buenos Aires, B1655, Argentina (highway/motorway)","capacidad_estimada":null,"confianza_estimacion":null,"fuente_capacidad_estimada":"NO_DISPONIBLE"}},{"type":"Feature","geometry":{"type":"Point","coordinates":[-58.958684,-34.163663]},"properties":{"id":"IND-CEM-018","empresa":"Cementos Avellaneda S.A. (Cementos Molins / Votorantim)","planta":"Planta hormigones Campana","categoria":"Cemento, Cal y Yeso","categoria_cod":"CEM","subsector":"Hormigón","tipo":"PLANTA","producto_principal":"Hormigón elaborado","capacidad_declarada":"Sin dato público oficial","origen_materia_prima":"Cemento propio","estado_operativo":"ACTIVA","ubicacion_texto":"Camino a Capilla del Señor 10, Campana, Bs. As.","localidad":"Campana","provincia":"Buenos Aires","notas":"","sin_ubicar":false,"lat":-34.163663,"lon":-58.958684,"precision_ubicacion":"ESTIMADA","metodo_geocodificacion":"Nominatim/OSM: Campana, Partido de Campana, Buenos Aires, 2804, Argentina (place/town)","capacidad_estimada":null,"confianza_estimacion":null,"fuente_capacidad_estimada":"NO_DISPONIBLE"}},{"type":"Feature","geometry":{"type":"Point","coordinates":[-67.928267,-46.790103]},"properties":{"id":"IND-CEM-019","empresa":"PCR S.A. (Petroquímica Comodoro Rivadavia)","planta":"Planta Pico Truncado","categoria":"Cemento, Cal y Yeso","categoria_cod":"CEM","subsector":"Cemento","tipo":"PLANTA","producto_principal":"Clinker y cemento portland","capacidad_declarada":"~480.000 t/año cemento; horno de clinker 2.000 t/día (proyectado a 4.000 t/día); molienda 60 t/h","origen_materia_prima":"Caliza de yacimiento propio (reservas ~100 M t)","estado_operativo":"ACTIVA","ubicacion_texto":"Pico Truncado, Santa Cruz (predio de 50 ha; inaugurada 2008)","localidad":"Pico Truncado","provincia":"Santa Cruz","notas":"","sin_ubicar":false,"lat":-46.790103,"lon":-67.928267,"precision_ubicacion":"EXACTA","metodo_geocodificacion":"Nominatim/OSM: Planta de Cemento PCR Santa Cruz, Industrial, Pico Truncado, Deseado, Santa Cruz, Argentina (landuse/industrial)","capacidad_estimada":null,"confianza_estimacion":null,"fuente_capacidad_estimada":"DOCUMENTO"}},{"type":"Feature","geometry":{"type":"Point","coordinates":[-67.422569,-45.800746]},"properties":{"id":"IND-CEM-020","empresa":"PCR S.A. (Petroquímica Comodoro Rivadavia)","planta":"Planta Comodoro Rivadavia","categoria":"Cemento, Cal y Yeso","categoria_cod":"CEM","subsector":"Cemento","tipo":"PLANTA","producto_principal":"Molienda de cemento y despacho","capacidad_declarada":"Sin dato público oficial","origen_materia_prima":"Clinker desde Pico Truncado","estado_operativo":"ACTIVA","ubicacion_texto":"Comodoro Rivadavia, Chubut","localidad":"Comodoro Rivadavia","provincia":"Chubut","notas":"","sin_ubicar":false,"lat":-45.800746,"lon":-67.422569,"precision_ubicacion":"EXACTA","metodo_geocodificacion":"Nominatim/OSM: Estacionamiento PCR, Avenida Alejandro Maiz, Los Locos, Km. 8 - Don Bosco, Municipio de Comodoro Rivadavia, Departamento Escalante, Chubut, U9000, Argentina (amenity/parking)","capacidad_estimada":"~345.000 t/año de molienda de cemento (principalmente cemento petrolero)","confianza_estimacion":"MEDIA","fuente_capacidad_estimada":"ESTIMACION_EXTERNA: Informe de Calificación de PCR S.A. (FIX SCR / Allaria, jul. 2024), https://files.allaria.com.ar/attach/Calificaci%C3%B3n_-_Petroqu%C3%ADmica_Comodoro_Rivadavia_S.A._-_PCR_(1).pdf. Cifra específica de molienda en Comodoro (distinta de Pico Truncado); MEDIA por no lograr cita textual directa del PDF."}},{"type":"Feature","geometry":{"type":"Point","coordinates":[-68.691863,-32.072566]},"properties":{"id":"IND-CEM-021","empresa":"Caleras San Juan S.A.","planta":"Planta Cienaguita (4 hornos MAERZ)","categoria":"Cemento, Cal y Yeso","categoria_cod":"CEM","subsector":"Cal","tipo":"PLANTA","producto_principal":"Cal viva (siderurgia, minería del cobre/litio, construcción)","capacidad_declarada":"600.000 t/año (tras 4° horno, 2025); horno 3 individual: 120.000 t/año","origen_materia_prima":"Caliza de Los Berros/Cienaguita","estado_operativo":"ACTIVA","ubicacion_texto":"Cienaguita, Depto. Sarmiento, San Juan","localidad":"Cienaguita","provincia":"San Juan","notas":"Capitales 100% argentinos. Plan Maestro 2016-2025.","sin_ubicar":false,"lat":-32.072566,"lon":-68.691863,"precision_ubicacion":"EXACTA","metodo_geocodificacion":"Nominatim/OSM: La Cienaguita, Sarmiento, San Juan, Argentina (place/village)","capacidad_estimada":null,"confianza_estimacion":null,"fuente_capacidad_estimada":"DOCUMENTO"}},{"type":"Feature","geometry":{"type":"Point","coordinates":[-68.492616,-31.34267]},"properties":{"id":"IND-CEM-022","empresa":"Sibelco Argentina (grupo belga, ex Minera TEA)","planta":"Planta Albardón (La Laja) — \"Minera Tea\"","categoria":"Cemento, Cal y Yeso","categoria_cod":"CEM","subsector":"Cal","tipo":"PLANTA","producto_principal":"Cal para siderurgia, minería y construcción; sílice para vidrio/cerámica","capacidad_declarada":"600.000 t/año, en ampliación a 760.000 t/año (1ª etapa) y proyectado a 920.000 t/año (inversión total US$100M)","origen_materia_prima":"Caliza de Villicum/La Laja","estado_operativo":"ACTIVA","ubicacion_texto":"La Laja, Depto. Albardón, San Juan","localidad":"La Laja","provincia":"San Juan","notas":"","sin_ubicar":false,"lat":-31.34267,"lon":-68.492616,"precision_ubicacion":"EXACTA","metodo_geocodificacion":"Nominatim/OSM: La Laja, Villa Ampacama, Albardón, San Juan, Argentina (natural/bare_rock)","capacidad_estimada":null,"confianza_estimacion":null,"fuente_capacidad_estimada":"DOCUMENTO"}},{"type":"Feature","geometry":{"type":"Point","coordinates":[-68.654266,-31.9527]},"properties":{"id":"IND-CEM-023","empresa":"Sibelco Argentina (grupo belga)","planta":"Planta Los Berros (ex La Buena Esperanza)","categoria":"Cemento, Cal y Yeso","categoria_cod":"CEM","subsector":"Cal","tipo":"PLANTA","producto_principal":"Cal","capacidad_declarada":"Incluida en capacidad consolidada de Sibelco San Juan","origen_materia_prima":"Caliza local","estado_operativo":"ACTIVA","ubicacion_texto":"Los Berros, Depto. Sarmiento, San Juan","localidad":"Los Berros","provincia":"San Juan","notas":"","sin_ubicar":false,"lat":-31.9527,"lon":-68.654266,"precision_ubicacion":"EXACTA","metodo_geocodificacion":"Nominatim/OSM: Los Berros, Sarmiento, San Juan, 5431, Argentina (place/village)","capacidad_estimada":null,"confianza_estimacion":null,"fuente_capacidad_estimada":"DOCUMENTO"}},{"type":"Feature","geometry":{"type":"Point","coordinates":[-68.437024,-31.217583]},"properties":{"id":"IND-CEM-024","empresa":"Sibelco Argentina (grupo belga)","planta":"Planta El Villicum (ex El Volcán)","categoria":"Cemento, Cal y Yeso","categoria_cod":"CEM","subsector":"Cal","tipo":"PLANTA","producto_principal":"Cal","capacidad_declarada":"Incluida en capacidad consolidada de Sibelco San Juan","origen_materia_prima":"Caliza local","estado_operativo":"ACTIVA","ubicacion_texto":"El Villicum, Depto. Albardón, San Juan","localidad":"El Villicum","provincia":"San Juan","notas":"","sin_ubicar":false,"lat":-31.217583,"lon":-68.437024,"precision_ubicacion":"ESTIMADA","metodo_geocodificacion":"Nominatim/OSM: Albardón, San Juan, J5419, Argentina (boundary/administrative)","capacidad_estimada":null,"confianza_estimacion":null,"fuente_capacidad_estimada":"DOCUMENTO"}},{"type":"Feature","geometry":{"type":"Point","coordinates":[-68.654266,-31.9527]},"properties":{"id":"IND-CEM-025","empresa":"Grupo Calidra / CEFAS (mexicano)","planta":"Planta Los Berros (marca \"El Milagro\")","categoria":"Cemento, Cal y Yeso","categoria_cod":"CEM","subsector":"Cal","tipo":"PLANTA","producto_principal":"Cal viva y cal hidratada (marcas El Milagro, Sublime, Santa Elena)","capacidad_declarada":"~200.000 t/año (previo a duplicación proyectada a 2019)","origen_materia_prima":"Caliza local","estado_operativo":"ACTIVA","ubicacion_texto":"Los Berros, Depto. Sarmiento, San Juan","localidad":"Los Berros","provincia":"San Juan","notas":"","sin_ubicar":false,"lat":-31.9527,"lon":-68.654266,"precision_ubicacion":"EXACTA","metodo_geocodificacion":"Nominatim/OSM: Los Berros, Sarmiento, San Juan, 5431, Argentina (place/village)","capacidad_estimada":null,"confianza_estimacion":null,"fuente_capacidad_estimada":"DOCUMENTO"}},{"type":"Feature","geometry":{"type":"Point","coordinates":[-68.746588,-30.241601]},"properties":{"id":"IND-CEM-026","empresa":"Compañía Minera del Pacífico S.A. (Cementos Bío Bío + Soprocal)","planta":"Planta Jáchal (ex \"El Refugio\")","categoria":"Cemento, Cal y Yeso","categoria_cod":"CEM","subsector":"Cal","tipo":"PLANTA","producto_principal":"Cal","capacidad_declarada":"Parte del total provincial","origen_materia_prima":"Caliza local","estado_operativo":"ACTIVA","ubicacion_texto":"Jáchal, San Juan","localidad":"San José de Jáchal","provincia":"San Juan","notas":"Capitales chilenos. El documento no precisa el paraje de la planta.","sin_ubicar":false,"lat":-30.241601,"lon":-68.746588,"precision_ubicacion":"ESTIMADA","metodo_geocodificacion":"Nominatim/OSM: San José de Jáchal, Jáchal, San Juan, Argentina (boundary/administrative)","capacidad_estimada":null,"confianza_estimacion":null,"fuente_capacidad_estimada":"DOCUMENTO"}},{"type":"Feature","geometry":{"type":"Point","coordinates":[-64.684342,-30.862698]},"properties":{"id":"IND-CEM-027","empresa":"Grupo Calidra / CEFAS (mexicano)","planta":"Planta Quilpo","categoria":"Cemento, Cal y Yeso","categoria_cod":"CEM","subsector":"Cal","tipo":"PLANTA","producto_principal":"Ex-cal hidráulica (marcas Lougas y Feitis)","capacidad_declarada":"Cerrada — operación cesada en 2017","origen_materia_prima":"Caliza local (yacimiento agotado/discontinuado)","estado_operativo":"CERRADA","ubicacion_texto":"Canteras Quilpo, 28 km de Cruz del Eje, Córdoba","localidad":"Cruz del Eje","provincia":"Córdoba","notas":"","sin_ubicar":false,"lat":-30.862698,"lon":-64.684342,"precision_ubicacion":"EXACTA","metodo_geocodificacion":"Nominatim/OSM: Quilpo, Pedanía San Marcos, Departamento Cruz del Eje, Córdoba, X5280, Argentina (highway/unclassified)","capacidad_estimada":null,"confianza_estimacion":null,"fuente_capacidad_estimada":"DOCUMENTO"}},{"type":"Feature","geometry":{"type":"Point","coordinates":[-64.354327,-31.462388]},"properties":{"id":"IND-CEM-028","empresa":"Grupo Calidra / CEFAS (mexicano)","planta":"Planta Malagueño (\"Cal Malagueño\")","categoria":"Cemento, Cal y Yeso","categoria_cod":"CEM","subsector":"Cal","tipo":"PLANTA","producto_principal":"Cal aérea hidratada para revoques y mampostería","capacidad_declarada":"Incluida en capacidad consolidada de Calidra Cono Sur","origen_materia_prima":"Caliza de las Sierras Chicas","estado_operativo":"ACTIVA","ubicacion_texto":"Malagueño, Córdoba","localidad":"Malagueño","provincia":"Córdoba","notas":"","sin_ubicar":false,"lat":-31.462388,"lon":-64.354327,"precision_ubicacion":"EXACTA","metodo_geocodificacion":"Nominatim/OSM: Malagueño, Municipio de Malagueño, Pedanía Calera, Departamento Santa María, Córdoba, X5186, Argentina (place/town)","capacidad_estimada":null,"confianza_estimacion":null,"fuente_capacidad_estimada":"DOCUMENTO"}},{"type":"Feature","geometry":{"type":"Point","coordinates":[-60.323168,-36.893875]},"properties":{"id":"IND-CEM-029","empresa":"Grupo Calidra / CEFAS (mexicano)","planta":"Planta Olavarría","categoria":"Cemento, Cal y Yeso","categoria_cod":"CEM","subsector":"Cal","tipo":"PLANTA","producto_principal":"Cal (marca \"Malagueño\" y otras)","capacidad_declarada":"Incluida en capacidad consolidada de Calidra Cono Sur (>920.000 t/año junto con Albardón, Quilpo histórico, Olavarría y Zapala)","origen_materia_prima":"Caliza de Tandilia","estado_operativo":"ACTIVA","ubicacion_texto":"Olavarría, Bs. As.","localidad":"Olavarría","provincia":"Buenos Aires","notas":"","sin_ubicar":false,"lat":-36.893875,"lon":-60.323168,"precision_ubicacion":"ESTIMADA","metodo_geocodificacion":"Nominatim/OSM: Olavarría, Partido de Olavarría, Buenos Aires, B7400, Argentina (place/city)","capacidad_estimada":null,"confianza_estimacion":null,"fuente_capacidad_estimada":"DOCUMENTO"}},{"type":"Feature","geometry":{"type":"Point","coordinates":[-70.066857,-38.900621]},"properties":{"id":"IND-CEM-030","empresa":"Grupo Calidra / CEFAS (mexicano)","planta":"Planta Zapala","categoria":"Cemento, Cal y Yeso","categoria_cod":"CEM","subsector":"Cal","tipo":"PLANTA","producto_principal":"Cal","capacidad_declarada":"Incluida en capacidad consolidada de Calidra Cono Sur","origen_materia_prima":"Caliza local","estado_operativo":"ACTIVA","ubicacion_texto":"Zapala, Neuquén","localidad":"Zapala","provincia":"Neuquén","notas":"","sin_ubicar":false,"lat":-38.900621,"lon":-70.066857,"precision_ubicacion":"ESTIMADA","metodo_geocodificacion":"Nominatim/OSM: Municipio de Zapala, Departamento Zapala, Neuquén, Q8340, Argentina (boundary/administrative)","capacidad_estimada":null,"confianza_estimacion":null,"fuente_capacidad_estimada":"DOCUMENTO"}},{"type":"Feature","geometry":{"type":"Point","coordinates":[-68.879986,-33.039141]},"properties":{"id":"IND-CEM-031","empresa":"Knauf Argentina","planta":"Planta Luján de Cuyo","categoria":"Cemento, Cal y Yeso","categoria_cod":"CEM","subsector":"Yeso","tipo":"PLANTA","producto_principal":"Placas de yeso, perfiles de acero galvanizado y masilla","capacidad_declarada":"Mayor capacidad productiva de placas de yeso y masillas en polvo de Sudamérica (cifra propia no desagregada)","origen_materia_prima":"Yeso de canteras cuyanas","estado_operativo":"ACTIVA","ubicacion_texto":"Luján de Cuyo, Mendoza","localidad":"Luján de Cuyo","provincia":"Mendoza","notas":"Única planta del grupo Knauf en el país (2001).","sin_ubicar":false,"lat":-33.039141,"lon":-68.879986,"precision_ubicacion":"ESTIMADA","metodo_geocodificacion":"Nominatim/OSM: Distrito Ciudad de Luján de Cuyo, Departamento Luján de Cuyo, Mendoza, Argentina (boundary/administrative)","capacidad_estimada":null,"confianza_estimacion":null,"fuente_capacidad_estimada":"DOCUMENTO"}},{"type":"Feature","geometry":{"type":"Point","coordinates":[-68.509378,-31.484679]},"properties":{"id":"IND-CEM-032","empresa":"Saint-Gobain Placo","planta":"Planta Chimbas","categoria":"Cemento, Cal y Yeso","categoria_cod":"CEM","subsector":"Yeso","tipo":"PLANTA","producto_principal":"Placas de yeso laminado (marcas Placo y Tuyango)","capacidad_declarada":"Sin dato público oficial","origen_materia_prima":"Yeso de yacimientos sanjuaninos","estado_operativo":"ACTIVA","ubicacion_texto":"Chimbas, San Juan","localidad":"Chimbas","provincia":"San Juan","notas":"","sin_ubicar":false,"lat":-31.484679,"lon":-68.509378,"precision_ubicacion":"ESTIMADA","metodo_geocodificacion":"Nominatim/OSM: Chimbas, San Juan, 5413, Argentina (boundary/administrative)","capacidad_estimada":null,"confianza_estimacion":null,"fuente_capacidad_estimada":"NO_DISPONIBLE"}},{"type":"Feature","geometry":{"type":"Point","coordinates":[-64.604304,-37.378187]},"properties":{"id":"IND-CEM-033","empresa":"Durlock S.A. (Grupo Etex, belga)","planta":"Complejo industrial General Acha","categoria":"Cemento, Cal y Yeso","categoria_cod":"CEM","subsector":"Yeso","tipo":"PLANTA","producto_principal":"Placas de yeso y masillas (sistema Durlock)","capacidad_declarada":"24.000.000 m²/año (ampliada desde 7,5 M m²/año original tras inversión de US$19M en 1997)","origen_materia_prima":"Yeso pampeano","estado_operativo":"ACTIVA","ubicacion_texto":"General Acha, La Pampa","localidad":"General Acha","provincia":"La Pampa","notas":"Planta fundacional (1977).","sin_ubicar":false,"lat":-37.378187,"lon":-64.604304,"precision_ubicacion":"ESTIMADA","metodo_geocodificacion":"Nominatim/OSM: General Acha, Municipio de General Acha, Departamento Utracán, La Pampa, Argentina (boundary/administrative)","capacidad_estimada":null,"confianza_estimacion":null,"fuente_capacidad_estimada":"DOCUMENTO"}},{"type":"Feature","geometry":{"type":"Point","coordinates":[-69.584732,-35.468381]},"properties":{"id":"IND-CEM-034","empresa":"Durlock S.A. (Grupo Etex, belga)","planta":"Plantas Malargüe (2 plantas)","categoria":"Cemento, Cal y Yeso","categoria_cod":"CEM","subsector":"Yeso","tipo":"PLANTA","producto_principal":"Yesos tradicionales en polvo (Yemaco, Alpress, Aljez) y bloques macizos","capacidad_declarada":"Sin dato público oficial","origen_materia_prima":"Yeso cuyano","estado_operativo":"ACTIVA","ubicacion_texto":"Malargüe, Mendoza","localidad":"Malargüe","provincia":"Mendoza","notas":"El documento consigna DOS plantas en Malargüe desde 1997; se georreferencian como un único nodo por falta de domicilios individuales.","sin_ubicar":false,"lat":-35.468381,"lon":-69.584732,"precision_ubicacion":"ESTIMADA","metodo_geocodificacion":"Nominatim/OSM: Malargüe, Distrito Ciudad de Malargüe, Departamento Malargüe, Mendoza, Argentina (boundary/administrative)","capacidad_estimada":null,"confianza_estimacion":null,"fuente_capacidad_estimada":"NO_DISPONIBLE"}},{"type":"Feature","geometry":{"type":"Point","coordinates":[-67.542766,-39.048015]},"properties":{"id":"IND-CEM-035","empresa":"Durlock S.A. (ex \"Cía. Corral\", adquirida 2008)","planta":"Planta General Roca — yesera histórica (barrio Stefenelli)","categoria":"Cemento, Cal y Yeso","categoria_cod":"CEM","subsector":"Yeso","tipo":"PLANTA","producto_principal":"Yeso en bolsa","capacidad_declarada":"Sin dato público oficial","origen_materia_prima":"Yeso patagónico (Río Negro es la principal provincia productora de yeso del país)","estado_operativo":"ACTIVA","ubicacion_texto":"General Roca, Río Negro","localidad":"General Roca","provincia":"Río Negro","notas":"","sin_ubicar":false,"lat":-39.048015,"lon":-67.542766,"precision_ubicacion":"EXACTA","metodo_geocodificacion":"Nominatim/OSM: Padre Stefenelli, Municipio de General Roca, Departamento General Roca, Río Negro, 8232, Argentina (boundary/administrative)","capacidad_estimada":null,"confianza_estimacion":null,"fuente_capacidad_estimada":"NO_DISPONIBLE"}},{"type":"Feature","geometry":{"type":"Point","coordinates":[-67.537429,-39.017618]},"properties":{"id":"IND-CEM-036","empresa":"Durlock S.A. (Grupo Etex, belga)","planta":"Nueva planta Parque Industrial Roca II","categoria":"Cemento, Cal y Yeso","categoria_cod":"CEM","subsector":"Yeso","tipo":"PLANTA","producto_principal":"Placas de yeso (nueva línea, abastece Patagonia y exportación a Chile)","capacidad_declarada":"~70 empleos directos, ~200 indirectos","origen_materia_prima":"Yeso patagónico (canteras cercanas a la planta)","estado_operativo":"ACTIVA","ubicacion_texto":"Parque Industrial Roca II, General Roca, Río Negro","localidad":"General Roca","provincia":"Río Negro","notas":"Anunciada en 2018, inversión $1.000M.","sin_ubicar":false,"lat":-39.017618,"lon":-67.537429,"precision_ubicacion":"EXACTA","metodo_geocodificacion":"Nominatim/OSM: Parque Industrial, General Roca, Municipio de General Roca, Departamento General Roca, Río Negro, Argentina (boundary/administrative)","capacidad_estimada":"~20.000.000 m²/año de placas de yeso (capacidad de proyecto anunciada)","confianza_estimacion":"MEDIA","fuente_capacidad_estimada":"ESTIMACION_EXTERNA: Municipio de General Roca, https://www.generalroca.gov.ar/durlock-proyecta-instalar-nueva-planta-en-el-parque-industrial-ii/ y Gobierno de Río Negro (2018). Capacidad de diseño anunciada, no necesariamente la producción alcanzada."}},{"type":"Feature","geometry":{"type":"Point","coordinates":[-58.560784,-34.677419]},"properties":{"id":"IND-CEM-037","empresa":"Durlock S.A. / Grupo Etex","planta":"Planta San Justo (fibrocemento)","categoria":"Cemento, Cal y Yeso","categoria_cod":"CEM","subsector":"Fibrocemento","tipo":"PLANTA","producto_principal":"Placas de fibrocemento","capacidad_declarada":"Sin dato público oficial","origen_materia_prima":"Cemento y fibras","estado_operativo":"ACTIVA","ubicacion_texto":"San Justo, La Matanza, Bs. As.","localidad":"San Justo","provincia":"Buenos Aires","notas":"","sin_ubicar":false,"lat":-34.677419,"lon":-58.560784,"precision_ubicacion":"ESTIMADA","metodo_geocodificacion":"Nominatim/OSM: San Justo, Partido de La Matanza, Buenos Aires, Argentina (boundary/administrative)","capacidad_estimada":null,"confianza_estimacion":null,"fuente_capacidad_estimada":"NO_DISPONIBLE"}},{"type":"Feature","geometry":{"type":"Point","coordinates":[-60.178143,-33.379082]},"properties":{"id":"IND-SID-001","empresa":"Ternium Argentina (ex Siderar/Somisa)","planta":"Planta Savio / San Nicolás","categoria":"Siderurgia, Metalurgia y Perfilería","categoria_cod":"SID","subsector":"Acero plano","tipo":"PLANTA","producto_principal":"Acero plano integrado (arrabio, planchones, laminados en caliente y frío)","capacidad_declarada":"Capacidad histórica ampliada desde 2,5 Mt (1974); nueva colada continua +500.000 t/año planchones","origen_materia_prima":"Mineral de hierro y carbón importados (puerto propio sobre el Paraná)","estado_operativo":"ACTIVA","ubicacion_texto":"Av. Savio s/n, San Nicolás de los Arroyos, Bs. As.","localidad":"San Nicolás de los Arroyos","provincia":"Buenos Aires","notas":"Único complejo siderúrgico integrado del país (alto horno).","sin_ubicar":false,"lat":-33.379082,"lon":-60.178143,"precision_ubicacion":"EXACTA","metodo_geocodificacion":"Nominatim/OSM: Somisa, San Nicolás de los Arroyos, Partido de San Nicolás, Buenos Aires, Argentina (boundary/administrative)","capacidad_estimada":null,"confianza_estimacion":null,"fuente_capacidad_estimada":"DOCUMENTO"}},{"type":"Feature","geometry":{"type":"Point","coordinates":[-58.610293,-34.638736]},"properties":{"id":"IND-SID-002","empresa":"Ternium Argentina (ex Siderar/Somisa)","planta":"Planta Haedo","categoria":"Siderurgia, Metalurgia y Perfilería","categoria_cod":"SID","subsector":"Acero plano","tipo":"PLANTA","producto_principal":"Laminados / productos terminados","capacidad_declarada":"Sin dato público oficial","origen_materia_prima":"Semielaborados de San Nicolás","estado_operativo":"ACTIVA","ubicacion_texto":"Haedo, Bs. As.","localidad":"Haedo","provincia":"Buenos Aires","notas":"","sin_ubicar":false,"lat":-34.638736,"lon":-58.610293,"precision_ubicacion":"EXACTA","metodo_geocodificacion":"Nominatim/OSM: Ternium, Valentín Gómez, Haedo, Partido de Morón, Buenos Aires, B1706CGO, Argentina (man_made/works)","capacidad_estimada":null,"confianza_estimacion":null,"fuente_capacidad_estimada":"NO_DISPONIBLE"}},{"type":"Feature","geometry":{"type":"Point","coordinates":[-58.5116,-34.877464]},"properties":{"id":"IND-SID-003","empresa":"Ternium Argentina (ex Siderar/Somisa)","planta":"Planta Canning","categoria":"Siderurgia, Metalurgia y Perfilería","categoria_cod":"SID","subsector":"Acero plano","tipo":"PLANTA","producto_principal":"Productos de acero","capacidad_declarada":"Sin dato público oficial","origen_materia_prima":"Semielaborados de San Nicolás","estado_operativo":"ACTIVA","ubicacion_texto":"Canning, Bs. As.","localidad":"Canning","provincia":"Buenos Aires","notas":"","sin_ubicar":false,"lat":-34.877464,"lon":-58.5116,"precision_ubicacion":"EXACTA","metodo_geocodificacion":"Nominatim/OSM: Ternium Siderar Planta Canning, Canning, Partido de Ezeiza, Buenos Aires, Argentina (landuse/industrial)","capacidad_estimada":null,"confianza_estimacion":null,"fuente_capacidad_estimada":"NO_DISPONIBLE"}},{"type":"Feature","geometry":{"type":"Point","coordinates":[-57.94096,-34.857406]},"properties":{"id":"IND-SID-004","empresa":"Ternium Argentina (ex Siderar/Somisa)","planta":"Planta Ensenada","categoria":"Siderurgia, Metalurgia y Perfilería","categoria_cod":"SID","subsector":"Acero plano","tipo":"PLANTA","producto_principal":"Laminación en frío","capacidad_declarada":"Sin dato público oficial","origen_materia_prima":"Semielaborados de San Nicolás","estado_operativo":"ACTIVA","ubicacion_texto":"Ensenada, Bs. As. (ex Propulsora Siderúrgica, 1961)","localidad":"Ensenada","provincia":"Buenos Aires","notas":"","sin_ubicar":false,"lat":-34.857406,"lon":-57.94096,"precision_ubicacion":"EXACTA","metodo_geocodificacion":"Nominatim/OSM: Ternium Siderar Ensenada, Ensenada, Partido de Ensenada, Buenos Aires, B1925, Argentina (landuse/industrial)","capacidad_estimada":"~1.360.000 t/año (cifra histórica del Plan Siderúrgico Nacional para Propulsora, no confirmada para la planta actual)","confianza_estimacion":"BAJA","fuente_capacidad_estimada":"ESTIMACION_EXTERNA: Cuadernos FHyCS-UNJu sobre el Plan Siderúrgico Nacional (http://revista.fhycs.unju.edu.ar/revistacuadernos/index.php/cuadernos/rt/printerFriendly/26/59) y El Día (2001). Cifra planificada de integración siderúrgica de Propulsora, no la laminación en frío vigente."}},{"type":"Feature","geometry":{"type":"Point","coordinates":[-58.278322,-34.804438]},"properties":{"id":"IND-SID-005","empresa":"Ternium Argentina (ex Siderar/Somisa)","planta":"Planta Florencio Varela","categoria":"Siderurgia, Metalurgia y Perfilería","categoria_cod":"SID","subsector":"Acero plano","tipo":"PLANTA","producto_principal":"Productos de acero","capacidad_declarada":"Sin dato público oficial","origen_materia_prima":"Semielaborados de San Nicolás","estado_operativo":"ACTIVA","ubicacion_texto":"Florencio Varela, Bs. As.","localidad":"Florencio Varela","provincia":"Buenos Aires","notas":"","sin_ubicar":false,"lat":-34.804438,"lon":-58.278322,"precision_ubicacion":"ESTIMADA","metodo_geocodificacion":"Nominatim/OSM: San Juan Bautista, Partido de Florencio Varela, Buenos Aires, Argentina (boundary/administrative)","capacidad_estimada":null,"confianza_estimacion":null,"fuente_capacidad_estimada":"NO_DISPONIBLE"}},{"type":"Feature","geometry":{"type":"Point","coordinates":[-60.28519,-33.257168]},"properties":{"id":"IND-SID-006","empresa":"Acindar (ArcelorMittal)","planta":"Planta Villa Constitución","categoria":"Siderurgia, Metalurgia y Perfilería","categoria_cod":"SID","subsector":"Acero largo","tipo":"PLANTA","producto_principal":"Acero no plano (barras, alambrón)","capacidad_declarada":"~60% de la capacidad instalada nacional en laminados no planos","origen_materia_prima":"Chatarra (horno eléctrico)","estado_operativo":"ACTIVA","ubicacion_texto":"Villa Constitución, Santa Fe","localidad":"Villa Constitución","provincia":"Santa Fe","notas":"","sin_ubicar":false,"lat":-33.257168,"lon":-60.28519,"precision_ubicacion":"EXACTA","metodo_geocodificacion":"Nominatim/OSM: Acindar Villa Constitucion, Villa Constitución, Municipio de Villa Constitución, Departamento Constitución, Santa Fe, Argentina (landuse/industrial)","capacidad_estimada":null,"confianza_estimacion":null,"fuente_capacidad_estimada":"DOCUMENTO"}},{"type":"Feature","geometry":{"type":"Point","coordinates":[-60.257175,-33.346726]},"properties":{"id":"IND-SID-007","empresa":"Acindar (ArcelorMittal)","planta":"Planta San Nicolás","categoria":"Siderurgia, Metalurgia y Perfilería","categoria_cod":"SID","subsector":"Acero largo","tipo":"PLANTA","producto_principal":"Acero no plano","capacidad_declarada":"Sin dato público oficial","origen_materia_prima":"Chatarra","estado_operativo":"ACTIVA","ubicacion_texto":"San Nicolás de los Arroyos, Bs. As.","localidad":"San Nicolás de los Arroyos","provincia":"Buenos Aires","notas":"","sin_ubicar":false,"lat":-33.346726,"lon":-60.257175,"precision_ubicacion":"EXACTA","metodo_geocodificacion":"Nominatim/OSM: Acindar San Nicolás (Perfiles Livianos), Lares, San Nicolás de los Arroyos, Partido de San Nicolás, Buenos Aires, Argentina (landuse/industrial)","capacidad_estimada":"Cifra grupal ArcelorMittal Acindar (5 plantas): entre 1.350.000 y 1.750.000 t/año de acero","confianza_estimacion":"BAJA","fuente_capacidad_estimada":"ESTIMACION_EXTERNA: El Cronista (2025, https://www.cronista.com/negocios/acindar-frena-su-planta-por-un-mes-y-proyecta-otro-ano-de-baja-produccion/) menciona 1,75 Mt/año; presentación institucional ArcelorMittal Acindar (2023, https://www.cpcesfe2.org.ar/wp-content/uploads/2023/10/Andrea-Dala-ArcelorMittal-Acindar.pdf) indica 1,35 Mt/año. Cifras de grupo, no de la planta."}},{"type":"Feature","geometry":{"type":"Point","coordinates":[-58.541902,-34.692638]},"properties":{"id":"IND-SID-008","empresa":"Acindar (ArcelorMittal)","planta":"Planta La Tablada","categoria":"Siderurgia, Metalurgia y Perfilería","categoria_cod":"SID","subsector":"Acero largo","tipo":"PLANTA","producto_principal":"Productos de acero","capacidad_declarada":"Sin dato público oficial","origen_materia_prima":"Semielaborados propios","estado_operativo":"ACTIVA","ubicacion_texto":"La Tablada, Bs. As.","localidad":"La Tablada","provincia":"Buenos Aires","notas":"","sin_ubicar":false,"lat":-34.692638,"lon":-58.541902,"precision_ubicacion":"EXACTA","metodo_geocodificacion":"Nominatim/OSM: Acindar, Doctor Ignacio Arieta, Villa Giardino, La Tablada, Partido de La Matanza, Buenos Aires, 1751, Argentina (highway/bus_stop)","capacidad_estimada":"Cifra grupal ArcelorMittal Acindar (5 plantas): ~1.350.000-1.750.000 t/año de acero","confianza_estimacion":"BAJA","fuente_capacidad_estimada":"ESTIMACION_EXTERNA: mismas fuentes que San Nicolás (El Cronista 2025 y presentación ArcelorMittal Acindar 2023). La Tablada es la planta de productos terminados/trefilados; sin capacidad desagregada."}},{"type":"Feature","geometry":{"type":"Point","coordinates":[-58.976535,-34.152206]},"properties":{"id":"IND-SID-009","empresa":"Tenaris Siderca","planta":"Planta Campana","categoria":"Siderurgia, Metalurgia y Perfilería","categoria_cod":"SID","subsector":"Tubos sin costura","tipo":"PLANTA","producto_principal":"Tubos de acero sin costura","capacidad_declarada":"900.000 t/año","origen_materia_prima":"Chatarra / palanquilla","estado_operativo":"ACTIVA","ubicacion_texto":"Campana, Bs. As. (centro de producción desde 1954)","localidad":"Campana","provincia":"Buenos Aires","notas":"","sin_ubicar":false,"lat":-34.152206,"lon":-58.976535,"precision_ubicacion":"EXACTA","metodo_geocodificacion":"Nominatim/OSM: Tenaris Siderca, 250, Campana, Partido de Campana, Buenos Aires, B2804MHA, Argentina (landuse/industrial)","capacidad_estimada":null,"confianza_estimacion":null,"fuente_capacidad_estimada":"DOCUMENTO"}},{"type":"Feature","geometry":{"type":"Point","coordinates":[-58.409894,-34.662216]},"properties":{"id":"IND-SID-010","empresa":"Tenaris (Siat)","planta":"Planta Valentín Alsina","categoria":"Siderurgia, Metalurgia y Perfilería","categoria_cod":"SID","subsector":"Tubos con costura","tipo":"PLANTA","producto_principal":"Tubos de acero con costura (soldado)","capacidad_declarada":"Sin dato público oficial","origen_materia_prima":"Chapa laminada","estado_operativo":"ACTIVA","ubicacion_texto":"Valentín Alsina, Bs. As.","localidad":"Valentín Alsina","provincia":"Buenos Aires","notas":"","sin_ubicar":false,"lat":-34.662216,"lon":-58.409894,"precision_ubicacion":"EXACTA","metodo_geocodificacion":"Nominatim/OSM: Tenaris SIAT, Paso de Burgos, Valentín Alsina, Partido de Lanús, Buenos Aires, Argentina (landuse/industrial)","capacidad_estimada":"~350.000 t/año de tubos soldados de gran diámetro","confianza_estimacion":"MEDIA","fuente_capacidad_estimada":"ESTIMACION_EXTERNA: Agencia Comunas (2022, https://www.agenciacomunas.com.ar/grindetti-visito-la-planta-de-siat-tenaris-en-valentin-alsina/): mayor fábrica de tubos soldados de gran diámetro del país, 350.000 t sobre 30 ha. Fuente periodística local, no reporte corporativo."}},{"type":"Feature","geometry":{"type":"Point","coordinates":[-60.289357,-33.264697]},"properties":{"id":"IND-SID-011","empresa":"Tenaris (Siat, ex línea de Acindar)","planta":"Planta Villa Constitución","categoria":"Siderurgia, Metalurgia y Perfilería","categoria_cod":"SID","subsector":"Tubos con costura","tipo":"PLANTA","producto_principal":"Tubos con costura","capacidad_declarada":"80.000 t/año (capacidad de la línea adquirida a Acindar en 2006)","origen_materia_prima":"Chapa laminada","estado_operativo":"ACTIVA","ubicacion_texto":"Villa Constitución, Santa Fe","localidad":"Villa Constitución","provincia":"Santa Fe","notas":"","sin_ubicar":false,"lat":-33.264697,"lon":-60.289357,"precision_ubicacion":"EXACTA","metodo_geocodificacion":"Nominatim/OSM: Tenaris SIAT, Villa Constitución, Municipio de Villa Constitución, Departamento Constitución, Santa Fe, Argentina (landuse/industrial)","capacidad_estimada":null,"confianza_estimacion":null,"fuente_capacidad_estimada":"DOCUMENTO"}},{"type":"Feature","geometry":{"type":"Point","coordinates":[-65.398872,-33.713807]},"properties":{"id":"IND-SID-012","empresa":"Tenaris","planta":"Planta Villa Mercedes","categoria":"Siderurgia, Metalurgia y Perfilería","categoria_cod":"SID","subsector":"Tubos de acero","tipo":"PLANTA","producto_principal":"Tubos de acero","capacidad_declarada":"Sin dato público oficial","origen_materia_prima":"Chapa/palanquilla","estado_operativo":"ACTIVA","ubicacion_texto":"Villa Mercedes, San Luis","localidad":"Villa Mercedes","provincia":"San Luis","notas":"","sin_ubicar":false,"lat":-33.713807,"lon":-65.398872,"precision_ubicacion":"EXACTA","metodo_geocodificacion":"Nominatim/OSM: Tenaris Metalmecanica, Ruta Provincial 24, La Adolfina, Municipio de Villa Mercedes, General Pedernera, San Luis, D5733, Argentina (building/industrial)","capacidad_estimada":null,"confianza_estimacion":null,"fuente_capacidad_estimada":"NO_DISPONIBLE"}},{"type":"Feature","geometry":{"type":"Point","coordinates":[-60.489771,-35.115577]},"properties":{"id":"IND-SID-013","empresa":"Acerbrag S.A.","planta":"Planta Bragado","categoria":"Siderurgia, Metalurgia y Perfilería","categoria_cod":"SID","subsector":"Acero largo","tipo":"PLANTA","producto_principal":"Acero no plano (construcción y agro)","capacidad_declarada":"Sin dato público oficial","origen_materia_prima":"Chatarra (horno eléctrico)","estado_operativo":"ACTIVA","ubicacion_texto":"Bragado, Bs. As.","localidad":"Bragado","provincia":"Buenos Aires","notas":"","sin_ubicar":false,"lat":-35.115577,"lon":-60.489771,"precision_ubicacion":"ESTIMADA","metodo_geocodificacion":"Nominatim/OSM: Bragado, Partido de Bragado, Buenos Aires, Argentina (boundary/administrative)","capacidad_estimada":"~250.000 t/año de acero largo (capacidad instalada histórica; planta suspendida desde agosto 2025)","confianza_estimacion":"MEDIA","fuente_capacidad_estimada":"ESTIMACION_EXTERNA: SiderDato (https://siderdato.com/noticia/acerbrag-usina-acero-largo-bragado-argentina): 250.000 t/año y 25% del mercado (2007); Infobae (2025, https://www.infobae.com/economia/2025/08/06/la-principal-fabrica-de-bragado-suspendio-su-produccion-y-hay-600-empleos-en-riesgo/) confirma ~23.000 t/mes antes de suspender operaciones."}},{"type":"Feature","geometry":{"type":"Point","coordinates":[-60.815673,-33.007266]},"properties":{"id":"IND-SID-014","empresa":"Sipar Gerdau","planta":"Planta Pérez","categoria":"Siderurgia, Metalurgia y Perfilería","categoria_cod":"SID","subsector":"Acero largo","tipo":"PLANTA","producto_principal":"Barras de acero para hormigón","capacidad_declarada":"Parte del total nacional de 7 Mt/año de acero crudo (capacidad instalada país)","origen_materia_prima":"Chatarra","estado_operativo":"ACTIVA","ubicacion_texto":"Perez, Santa Fe (predio a confirmar)","localidad":"Pérez","provincia":"Santa Fe","notas":"El documento marca el predio exacto como no confirmado.","sin_ubicar":false,"lat":-33.007266,"lon":-60.815673,"precision_ubicacion":"EXACTA","metodo_geocodificacion":"Nominatim/OSM: GERDAU, Pérez, Municipio de Pérez, Gran Rosario, Departamento Rosario, Santa Fe, S2121, Argentina (landuse/industrial)","capacidad_estimada":"~650.000 t/año de laminación de barras; ~250.000 t/año de acero crudo (acería eléctrica 2017)","confianza_estimacion":"ALTA","fuente_capacidad_estimada":"ESTIMACION_EXTERNA: Global Energy Monitor (https://www.gem.wiki/Gerdau_Sipar_P%C3%A9rez_steel_plant), El Cronista (2017, https://www.cronista.com/negocios/Gerdau-invirtio-us-232-millones-en-Santa-Fe-para-sustituir-importaciones-20171101-0024.html) y Gobierno de Santa Fe (https://www.santafe.gob.ar/noticias/noticia/259751/). Cifras de la propia planta corroboradas por prensa y fuente gubernamental."}},{"type":"Feature","geometry":{"type":"Point","coordinates":[-65.197676,-24.247617]},"properties":{"id":"IND-SID-015","empresa":"Aceros Zapla","planta":"Planta Palpalá","categoria":"Siderurgia, Metalurgia y Perfilería","categoria_cod":"SID","subsector":"Acero largo","tipo":"PLANTA","producto_principal":"Acero para automotriz y petróleo/gas","capacidad_declarada":"Sin dato público oficial","origen_materia_prima":"Chatarra / arrabio","estado_operativo":"ACTIVA","ubicacion_texto":"Palpalá, Jujuy","localidad":"Palpalá","provincia":"Jujuy","notas":"","sin_ubicar":false,"lat":-24.247617,"lon":-65.197676,"precision_ubicacion":"EXACTA","metodo_geocodificacion":"Nominatim/OSM: Aceros Zapla, El Brete, Municipio de Palpalá, Departamento Palpalá, Jujuy, Argentina (landuse/industrial)","capacidad_estimada":"~180.000 t/año de acero","confianza_estimacion":"MEDIA","fuente_capacidad_estimada":"ESTIMACION_EXTERNA: Wikipedia - Aceros Zapla (https://es.wikipedia.org/wiki/Aceros_Zapla): capacidad instalada de 180.000 t/año del complejo de Palpalá; fuente enciclopédica sin cita primaria verificada."}},{"type":"Feature","geometry":{"type":"Point","coordinates":[-65.053381,-42.739023]},"properties":{"id":"IND-SID-016","empresa":"Aluar Aluminio Argentino S.A.I.C.","planta":"Planta Puerto Madryn","categoria":"Siderurgia, Metalurgia y Perfilería","categoria_cod":"SID","subsector":"Aluminio","tipo":"PLANTA","producto_principal":"Aluminio primario (placas, lingotes, barrotes, alambrón)","capacidad_declarada":"460.000 t/año de aluminio primario (única planta de aluminio primario del país)","origen_materia_prima":"Alúmina importada; energía de Central Hidroeléctrica Futaleufú (560 MW) + eólica (246 MW)","estado_operativo":"ACTIVA","ubicacion_texto":"Puerto Madryn, Chubut","localidad":"Puerto Madryn","provincia":"Chubut","notas":"","sin_ubicar":false,"lat":-42.739023,"lon":-65.053381,"precision_ubicacion":"EXACTA","metodo_geocodificacion":"Nominatim/OSM: Aluar (Puerto Madryn) Power Plant, Parque Industrial Pesado, Municipio de Puerto Madryn, Departamento Biedma, Chubut, U9120, Argentina (landuse/industrial)","capacidad_estimada":null,"confianza_estimacion":null,"fuente_capacidad_estimada":"DOCUMENTO"}},{"type":"Feature","geometry":{"type":"Point","coordinates":[-58.119491,-35.001062]},"properties":{"id":"IND-SID-017","empresa":"Aluar Aluminio Argentino S.A.I.C.","planta":"Planta Abasto","categoria":"Siderurgia, Metalurgia y Perfilería","categoria_cod":"SID","subsector":"Aluminio","tipo":"PLANTA","producto_principal":"Aluminio elaborado (extrudidos y laminados, perfiles de aberturas)","capacidad_declarada":"32.000 t/año de elaborados","origen_materia_prima":"Aluminio primario de Puerto Madryn","estado_operativo":"ACTIVA","ubicacion_texto":"Abasto, La Plata, Bs. As.","localidad":"Abasto","provincia":"Buenos Aires","notas":"","sin_ubicar":false,"lat":-35.001062,"lon":-58.119491,"precision_ubicacion":"EXACTA","metodo_geocodificacion":"Nominatim/OSM: ALUAR, Abasto, Partido de La Plata, Buenos Aires, Argentina (landuse/industrial)","capacidad_estimada":null,"confianza_estimacion":null,"fuente_capacidad_estimada":"DOCUMENTO"}},{"type":"Feature","geometry":{"type":"Point","coordinates":[-58.41241,-34.846092]},"properties":{"id":"IND-SID-018","empresa":"Barbieri","planta":"Planta de perfiles de acero galvanizado liviano","categoria":"Siderurgia, Metalurgia y Perfilería","categoria_cod":"SID","subsector":"Perfilería galvanizada","tipo":"PLANTA","producto_principal":"Perfiles galvanizados para steel frame y drywall","capacidad_declarada":"Sin dato público oficial","origen_materia_prima":"Chapa galvanizada de Ternium","estado_operativo":"ACTIVA","ubicacion_texto":"Argentina (predio a confirmar; líder del segmento)","localidad":"","provincia":"","notas":"El documento no consigna localidad. Requiere consulta a CASS. Ubicación aportada por investigación externa (capacidades_estimadas.json): Planta 'Arduín Darío Barbieri', Parque Industrial Almirante Brown, Burzaco (42.000 m²). Fuente: https://www.adbarbieri.com/empresa y Forbes Argentina.","sin_ubicar":false,"lat":-34.846092,"lon":-58.41241,"precision_ubicacion":"ESTIMADA","metodo_geocodificacion":"Nominatim/OSM: Parque Industrial Almirante Brown, Villa Hogar Alemán, Burzaco, Partido de Almirante Brown, Buenos Aires, B1852EMM, Argentina (landuse/industrial)","capacidad_estimada":"~60.000 t/año de acero procesado en perfiles galvanizados (steel frame/drywall)","confianza_estimacion":"MEDIA","fuente_capacidad_estimada":"ESTIMACION_EXTERNA: Forbes Argentina (https://www.forbesargentina.com/liderazgo/barbieri-empresa-familiar-lidera-negocio-perfiles-construccion-seco-procesa-60000-toneladas-acero-n1545): procesa 60.000 t de acero al año; prensa de negocios, no reporte corporativo."}},{"type":"Feature","geometry":{"type":"Point","coordinates":[-60.323168,-36.893875]},"properties":{"id":"IND-ARI-001","empresa":"Polo de canteras Tandilia/Ventania","planta":"Canteras de granito y basalto","categoria":"Áridos, Cerámica Roja y Pisos","categoria_cod":"ARI","subsector":"Áridos","tipo":"POLO_REGIONAL","producto_principal":"Áridos triturados (granito, basalto)","capacidad_declarada":"s/d — mayor polo de trituración de rocas del país","origen_materia_prima":"Yacimientos de rocas ígneas y metamórficas de Tandilia","estado_operativo":"ACTIVA","ubicacion_texto":"Olavarría y Azul (Tandilia); zona de Azul-Barker (Ventania), Bs. As.","localidad":"Olavarría","provincia":"Buenos Aires","notas":"Nodo regional agregado: representa el conjunto de canteras de Tandilia/Ventania, referenciado en Olavarría.","sin_ubicar":false,"lat":-36.893875,"lon":-60.323168,"precision_ubicacion":"ESTIMADA","metodo_geocodificacion":"Nominatim/OSM: Olavarría, Partido de Olavarría, Buenos Aires, B7400, Argentina (place/city)","capacidad_estimada":null,"confianza_estimacion":null,"fuente_capacidad_estimada":"DOCUMENTO"}},{"type":"Feature","geometry":{"type":"Point","coordinates":[-59.855709,-36.743724]},"properties":{"id":"IND-ARI-002","empresa":"Cerámica San Lorenzo (Grupo Lamosa)","planta":"Planta Azul (porcelanato) — dos líneas","categoria":"Áridos, Cerámica Roja y Pisos","categoria_cod":"ARI","subsector":"Porcelanato","tipo":"PLANTA","producto_principal":"Porcelanato","capacidad_declarada":"Producción anual del grupo: 15.000.000 m²/año (conjunto de plantas)","origen_materia_prima":"Arcillas y feldespatos","estado_operativo":"ACTIVA","ubicacion_texto":"Azul, Bs. As.","localidad":"Azul","provincia":"Buenos Aires","notas":"","sin_ubicar":false,"lat":-36.743724,"lon":-59.855709,"precision_ubicacion":"EXACTA","metodo_geocodificacion":"Nominatim/OSM: Cerámica San Lorenzo, Chacras de Bruno, Azul, Partido de Azul, Buenos Aires, Argentina (landuse/industrial)","capacidad_estimada":null,"confianza_estimacion":null,"fuente_capacidad_estimada":"DOCUMENTO"}},{"type":"Feature","geometry":{"type":"Point","coordinates":[-68.46399,-31.689169]},"properties":{"id":"IND-ARI-003","empresa":"Cerámica San Lorenzo (Grupo Lamosa)","planta":"Planta San Juan (cerámicos)","categoria":"Áridos, Cerámica Roja y Pisos","categoria_cod":"ARI","subsector":"Cerámicos","tipo":"PLANTA","producto_principal":"Cerámicos esmaltados","capacidad_declarada":"Incluida en los 15.000.000 m²/año del grupo","origen_materia_prima":"Arcillas locales","estado_operativo":"ACTIVA","ubicacion_texto":"San Juan (predio a confirmar)","localidad":"San Juan","provincia":"San Juan","notas":"El documento sólo da la provincia; se referencia en la capital provincial. Ubicación aportada por investigación externa (capacidades_estimadas.json): Ex planta Cerámica SCOP (adquirida a fines de 1997), Calle Vidart s/n, Rawson, San Juan. Fuentes: https://vymaps.com/AR/Ceramica-Scop-15454/ y https://diariodecuyo.com.ar/economia/Ceramica-San-Lorenzo-cerro-dos-fabricas-y-asegura-que-sostendra-la-planta-sanjuanina-20170210-0039.html","sin_ubicar":false,"lat":-31.689169,"lon":-68.46399,"precision_ubicacion":"ESTIMADA","metodo_geocodificacion":"Nominatim/OSM: Rawson, San Juan, Argentina (boundary/administrative)","capacidad_estimada":null,"confianza_estimacion":null,"fuente_capacidad_estimada":"DOCUMENTO"}},{"type":"Feature","geometry":{"type":"Point","coordinates":[-60.323168,-36.893875]},"properties":{"id":"IND-ARI-004","empresa":"Cerro Negro (Sociedad Comercial del Plata)","planta":"Planta industrial Buenos Aires","categoria":"Áridos, Cerámica Roja y Pisos","categoria_cod":"ARI","subsector":"Cerámicos","tipo":"PLANTA","producto_principal":"Cerámicos y porcelanatos","capacidad_declarada":"Sin dato público oficial","origen_materia_prima":"Arcillas y feldespatos","estado_operativo":"ACTIVA","ubicacion_texto":"Buenos Aires y Córdoba (predios a confirmar)","localidad":"","provincia":"Buenos Aires","notas":"El documento no da localidad; sólo provincia. No se georreferencia. Ubicación aportada por investigación externa (capacidades_estimadas.json): Planta/cantera de cerámicos en Olavarría (con suspensiones reportadas en 2024-2025) y planta de mampuestos Cormela en Campana. Fuentes: https://cerronegro.com.ar/institucional/, https://www.scp.com.ar/empresa?id=59, https://www.lanoticia1.com/noticia/empresa-de-ceramica-de-olavarria-suspende-a-180-trabajadores-por-dos-meses-recibiran-un-80-de-su-salario","sin_ubicar":false,"lat":-36.893875,"lon":-60.323168,"precision_ubicacion":"ESTIMADA","metodo_geocodificacion":"Nominatim/OSM: Olavarría, Partido de Olavarría, Buenos Aires, B7400, Argentina (place/city)","capacidad_estimada":null,"confianza_estimacion":null,"fuente_capacidad_estimada":"NO_DISPONIBLE"}},{"type":"Feature","geometry":{"type":"Point","coordinates":[-58.986508,-27.451143]},"properties":{"id":"IND-ARI-006","empresa":"Ladrilleras y cavas de arcilla NEA","planta":"Polo de extracción y cocción de ladrillo hueco","categoria":"Áridos, Cerámica Roja y Pisos","categoria_cod":"ARI","subsector":"Cerámica roja","tipo":"POLO_REGIONAL","producto_principal":"Ladrillo cerámico hueco y macizo","capacidad_declarada":"Sector altamente atomizado en pequeñas y medianas ladrilleras; sin dato agregado confiable de capacidad por planta","origen_materia_prima":"Arcillas aluvionales del Litoral/NEA","estado_operativo":"ACTIVA","ubicacion_texto":"Chaco, Formosa y Corrientes (múltiples parajes y hornos de campaña, muy atomizado)","localidad":"Resistencia","provincia":"Chaco","notas":"Nodo regional agregado del NEA, referenciado en Resistencia.","sin_ubicar":false,"lat":-27.451143,"lon":-58.986508,"precision_ubicacion":"ESTIMADA","metodo_geocodificacion":"Nominatim/OSM: Plaza 25 de Mayo de 1810, Resistencia, Municipio de Resistencia, Departamento San Fernando, Chaco, Argentina (leisure/park)","capacidad_estimada":null,"confianza_estimacion":null,"fuente_capacidad_estimada":"DOCUMENTO"}},{"type":"Feature","geometry":{"type":"Point","coordinates":[-58.417409,-34.79938]},"properties":{"id":"IND-VID-001","empresa":"VASA - Vidriería Argentina S.A. (NSG-Pilkington + Saint-Gobain)","planta":"Planta Llavallol","categoria":"Vidrio y Aislaciones","categoria_cod":"VID","subsector":"Vidrio plano","tipo":"PLANTA","producto_principal":"Vidrio plano para arquitectura, automotriz, espejos, laminado","capacidad_declarada":"s/d (en modernización, inversión de US$40M)","origen_materia_prima":"Arena silícea, soda, caliza","estado_operativo":"ACTIVA","ubicacion_texto":"Llavallol, Lomas de Zamora, Bs. As. (73 años de operación)","localidad":"Llavallol","provincia":"Buenos Aires","notas":"","sin_ubicar":false,"lat":-34.79938,"lon":-58.417409,"precision_ubicacion":"EXACTA","metodo_geocodificacion":"Nominatim/OSM: Vidriería Argentina S.A. / Air Liquide, Avenida Antártida Argentina, Llavallol, Partido de Lomas de Zamora, Buenos Aires, 1836, Argentina (man_made/works)","capacidad_estimada":null,"confianza_estimacion":null,"fuente_capacidad_estimada":"DOCUMENTO"}},{"type":"Feature","geometry":{"type":"Point","coordinates":[-58.987449,-34.330888]},"properties":{"id":"IND-VID-002","empresa":"VASA - Vidriería Argentina S.A. (NSG-Pilkington + Saint-Gobain)","planta":"Planta Los Cardales / Exaltación de la Cruz","categoria":"Vidrio y Aislaciones","categoria_cod":"VID","subsector":"Vidrio plano","tipo":"PLANTA","producto_principal":"Vidrio plano flotado transparente","capacidad_declarada":"800-1.000 t/día (según etapa del proyecto, inversión de US$215M)","origen_materia_prima":"Arena silícea, soda, caliza","estado_operativo":"ACTIVA","ubicacion_texto":"Km 179, Ruta 6, Exaltación de la Cruz, Bs. As. (predio de 33 ha)","localidad":"Los Cardales","provincia":"Buenos Aires","notas":"Reemplaza a la ex planta de Campana.","sin_ubicar":false,"lat":-34.330888,"lon":-58.987449,"precision_ubicacion":"EXACTA","metodo_geocodificacion":"Nominatim/OSM: Los Cardales, Urquiza, Los Cardales, Partido de Exaltación de la Cruz, Buenos Aires, B2814CMN, Argentina (railway/station)","capacidad_estimada":null,"confianza_estimacion":null,"fuente_capacidad_estimada":"DOCUMENTO"}},{"type":"Feature","geometry":{"type":"Point","coordinates":[-58.430178,-34.796574]},"properties":{"id":"IND-VID-003","empresa":"Saint-Gobain Isover","planta":"Planta de lana de vidrio Llavallol","categoria":"Vidrio y Aislaciones","categoria_cod":"VID","subsector":"Aislaciones","tipo":"PLANTA","producto_principal":"Lana de vidrio (aislación térmica/acústica)","capacidad_declarada":"Sin dato público oficial","origen_materia_prima":"Vidrio reciclado, arena silícea","estado_operativo":"ACTIVA","ubicacion_texto":"Llavallol, Bs. As. (más de 60 años en el país)","localidad":"Llavallol","provincia":"Buenos Aires","notas":"Único fabricante nacional de lana de vidrio; no existe producción local de lana de roca.","sin_ubicar":false,"lat":-34.796574,"lon":-58.430178,"precision_ubicacion":"ESTIMADA","metodo_geocodificacion":"Nominatim/OSM: Llavallol, Partido de Lomas de Zamora, Buenos Aires, Argentina (boundary/administrative)","capacidad_estimada":null,"confianza_estimacion":null,"fuente_capacidad_estimada":"NO_DISPONIBLE"}},{"type":"Feature","geometry":{"type":"Point","coordinates":[-58.914161,-34.457092]},"properties":{"id":"IND-VID-004","empresa":"Grupo Estisol","planta":"Planta EPS Isopor (Novapol) — Pilar","categoria":"Vidrio y Aislaciones","categoria_cod":"VID","subsector":"Aislaciones","tipo":"PLANTA","producto_principal":"Poliestireno expandido (EPS/Isopor) para construcción, embalaje y agro","capacidad_declarada":"Parte de las 7 plantas del grupo (700+ empleados en total)","origen_materia_prima":"Poliestireno expandible importado","estado_operativo":"ACTIVA","ubicacion_texto":"Pilar, Bs. As.","localidad":"Pilar","provincia":"Buenos Aires","notas":"","sin_ubicar":false,"lat":-34.457092,"lon":-58.914161,"precision_ubicacion":"ESTIMADA","metodo_geocodificacion":"Nominatim/OSM: Pilar, Partido del Pilar, Buenos Aires, Argentina (boundary/administrative)","capacidad_estimada":null,"confianza_estimacion":null,"fuente_capacidad_estimada":"DOCUMENTO"}},{"type":"Feature","geometry":{"type":"Point","coordinates":[-58.914161,-34.457092]},"properties":{"id":"IND-VID-005","empresa":"Grupo Estisol","planta":"Planta Edilteco Sudamericana — Pilar","categoria":"Vidrio y Aislaciones","categoria_cod":"VID","subsector":"Aislaciones","tipo":"PLANTA","producto_principal":"Mezclas aislantes cementicias para la construcción","capacidad_declarada":"Incluida en el total del grupo","origen_materia_prima":"Cemento y EPS","estado_operativo":"ACTIVA","ubicacion_texto":"Pilar, Bs. As.","localidad":"Pilar","provincia":"Buenos Aires","notas":"","sin_ubicar":false,"lat":-34.457092,"lon":-58.914161,"precision_ubicacion":"ESTIMADA","metodo_geocodificacion":"Nominatim/OSM: Pilar, Partido del Pilar, Buenos Aires, Argentina (boundary/administrative)","capacidad_estimada":null,"confianza_estimacion":null,"fuente_capacidad_estimada":"DOCUMENTO"}},{"type":"Feature","geometry":{"type":"Point","coordinates":[-58.872131,-34.416259]},"properties":{"id":"IND-VID-006","empresa":"Grupo Estisol","planta":"Planta Concrehaus / Modus Building Panels — Pilar","categoria":"Vidrio y Aislaciones","categoria_cod":"VID","subsector":"Aislaciones","tipo":"PLANTA","producto_principal":"Paneles térmicos modulares para construcción (sistema Concrehaus/Modus)","capacidad_declarada":"Ampliación de >5.000 m² en 2022 (US$10M, tecnología italiana)","origen_materia_prima":"EPS + cemento","estado_operativo":"ACTIVA","ubicacion_texto":"Pilar (Villa Rosa), Bs. As.","localidad":"Villa Rosa","provincia":"Buenos Aires","notas":"","sin_ubicar":false,"lat":-34.416259,"lon":-58.872131,"precision_ubicacion":"ESTIMADA","metodo_geocodificacion":"Nominatim/OSM: Villa Rosa, Hipólito Yrigoyen, Luchetti, Villa Rosa, Partido del Pilar, Buenos Aires, 1631, Argentina (railway/station)","capacidad_estimada":null,"confianza_estimacion":null,"fuente_capacidad_estimada":"DOCUMENTO"}},{"type":"Feature","geometry":{"type":"Point","coordinates":[-58.914161,-34.457092]},"properties":{"id":"IND-VID-007","empresa":"Grupo Estisol","planta":"Planta Paperfood — Pilar","categoria":"Vidrio y Aislaciones","categoria_cod":"VID","subsector":"Envases","tipo":"PLANTA","producto_principal":"Vasos y contenedores de papel (Polipapel)","capacidad_declarada":"11.500.000 unidades/mes (línea Polipapel)","origen_materia_prima":"Papel/cartón","estado_operativo":"ACTIVA","ubicacion_texto":"Pilar, Bs. As.","localidad":"Pilar","provincia":"Buenos Aires","notas":"","sin_ubicar":false,"lat":-34.457092,"lon":-58.914161,"precision_ubicacion":"ESTIMADA","metodo_geocodificacion":"Nominatim/OSM: Pilar, Partido del Pilar, Buenos Aires, Argentina (boundary/administrative)","capacidad_estimada":null,"confianza_estimacion":null,"fuente_capacidad_estimada":"DOCUMENTO"}},{"type":"Feature","geometry":{"type":"Point","coordinates":[-58.406315,-34.638495]},"properties":{"id":"IND-VID-008","empresa":"Grupo Estisol","planta":"Planta Estisol Capital Federal","categoria":"Vidrio y Aislaciones","categoria_cod":"VID","subsector":"Aislaciones","tipo":"PLANTA","producto_principal":"EPS / productos derivados","capacidad_declarada":"Incluida en el total del grupo","origen_materia_prima":"Poliestireno expandible","estado_operativo":"ACTIVA","ubicacion_texto":"Parque Patricios, CABA","localidad":"Parque Patricios","provincia":"Ciudad Autónoma de Buenos Aires","notas":"","sin_ubicar":false,"lat":-34.638495,"lon":-58.406315,"precision_ubicacion":"ESTIMADA","metodo_geocodificacion":"Nominatim/OSM: Parque Patricios, Monteagudo, Parque Patricios, Buenos Aires, Distrito Tecnológico, Comuna 4, Ciudad Autónoma de Buenos Aires, C1437EYD, Argentina (railway/station)","capacidad_estimada":null,"confianza_estimacion":null,"fuente_capacidad_estimada":"DOCUMENTO"}},{"type":"Feature","geometry":{"type":"Point","coordinates":[-66.371061,-33.317509]},"properties":{"id":"IND-VID-009","empresa":"Grupo Estisol","planta":"Planta Estisol San Luis","categoria":"Vidrio y Aislaciones","categoria_cod":"VID","subsector":"Aislaciones","tipo":"PLANTA","producto_principal":"EPS para construcción y agro","capacidad_declarada":"Incluida en el total del grupo","origen_materia_prima":"Poliestireno expandible","estado_operativo":"ACTIVA","ubicacion_texto":"Parque Industrial, San Luis Capital, San Luis","localidad":"San Luis","provincia":"San Luis","notas":"","sin_ubicar":false,"lat":-33.317509,"lon":-66.371061,"precision_ubicacion":"EXACTA","metodo_geocodificacion":"Nominatim/OSM: Parque Industrial Norte, San Luis, Municipio de San Luis, Juan Martín de Pueyrredón, San Luis, Argentina (boundary/administrative)","capacidad_estimada":null,"confianza_estimacion":null,"fuente_capacidad_estimada":"DOCUMENTO"}},{"type":"Feature","geometry":{"type":"Point","coordinates":[-67.701856,-53.785828]},"properties":{"id":"IND-VID-010","empresa":"Grupo Estisol","planta":"Planta Ecosol","categoria":"Vidrio y Aislaciones","categoria_cod":"VID","subsector":"Aislaciones","tipo":"PLANTA","producto_principal":"EPS","capacidad_declarada":"Incluida en el total del grupo","origen_materia_prima":"Poliestireno expandible","estado_operativo":"ACTIVA","ubicacion_texto":"Río Grande, Tierra del Fuego","localidad":"Río Grande","provincia":"Tierra del Fuego","notas":"","sin_ubicar":false,"lat":-53.785828,"lon":-67.701856,"precision_ubicacion":"ESTIMADA","metodo_geocodificacion":"Nominatim/OSM: Municipio de Río Grande, Departamento Río Grande, Tierra del Fuego, V9420, Argentina (boundary/administrative)","capacidad_estimada":null,"confianza_estimacion":null,"fuente_capacidad_estimada":"DOCUMENTO"}},{"type":"Feature","geometry":{"type":"Point","coordinates":[-65.402044,-27.054364]},"properties":{"id":"IND-VID-011","empresa":"Grupo Estisol","planta":"Planta Estisol Famaillá","categoria":"Vidrio y Aislaciones","categoria_cod":"VID","subsector":"Aislaciones","tipo":"PLANTA","producto_principal":"EPS","capacidad_declarada":"Incluida en el total del grupo","origen_materia_prima":"Poliestireno expandible","estado_operativo":"ACTIVA","ubicacion_texto":"Famaillá, Tucumán","localidad":"Famaillá","provincia":"Tucumán","notas":"","sin_ubicar":false,"lat":-27.054364,"lon":-65.402044,"precision_ubicacion":"ESTIMADA","metodo_geocodificacion":"Nominatim/OSM: Municipio de Famaillá, Departamento Famaillá, Tucumán, T4132, Argentina (boundary/administrative)","capacidad_estimada":null,"confianza_estimacion":null,"fuente_capacidad_estimada":"DOCUMENTO"}},{"type":"Feature","geometry":{"type":"Point","coordinates":[-58.549438,-34.681183]},"properties":{"id":"IND-HID-001","empresa":"Grupo DEMA","planta":"Planta industrial San Justo","categoria":"Infraestructura Hídrica y Polímeros de Conducción","categoria_cod":"HID","subsector":"Tubos poliméricos","tipo":"PLANTA","producto_principal":"Tubos y accesorios en polímeros (agua, gas, cloaca — sistema Sigas Thermofusión), autopartes y accesorios de fundición","capacidad_declarada":"Sin dato público oficial","origen_materia_prima":"Resinas PVC/PP/PE (nacionales e importadas)","estado_operativo":"ACTIVA","ubicacion_texto":"Av. Pres. Juan Domingo Perón 3750 (predio principal; oficinas también en Vicente López, Córdoba Capital y Mar del Plata)","localidad":"San Justo","provincia":"Buenos Aires","notas":"El documento da la calle y altura sin localidad; se resolvió como San Justo (La Matanza) según el domicilio corporativo publicado.","sin_ubicar":false,"lat":-34.681183,"lon":-58.549438,"precision_ubicacion":"EXACTA","metodo_geocodificacion":"Nominatim/OSM: Grupo Dema, 3750, Avenida Presidente Juan Domingo Perón, Villa Sahores, San Justo, Partido de La Matanza, Buenos Aires, 1754, Argentina (building/industrial)","capacidad_estimada":null,"confianza_estimacion":null,"fuente_capacidad_estimada":"NO_DISPONIBLE"}},{"type":"Feature","geometry":{"type":"Point","coordinates":[-58.973669,-34.407454]},"properties":{"id":"IND-HID-002","empresa":"Industrias Saladillo S.A.","planta":"Planta Parque Industrial Pilar","categoria":"Infraestructura Hídrica y Polímeros de Conducción","categoria_cod":"HID","subsector":"Tubos poliméricos","tipo":"PLANTA","producto_principal":"Sistemas de conducción de agua, desagüe, calefacción y gas (líneas Hidro 3, Awaduct, Hidroflex)","capacidad_declarada":"s/d — empresa líder del segmento sanitario nacional","origen_materia_prima":"Resinas PVC/PP-R","estado_operativo":"ACTIVA","ubicacion_texto":"Calle 9 N° 2639, Parque Industrial Pilar, Bs. As.","localidad":"Pilar","provincia":"Buenos Aires","notas":"","sin_ubicar":false,"lat":-34.407454,"lon":-58.973669,"precision_ubicacion":"EXACTA","metodo_geocodificacion":"Nominatim/OSM: Industrias Saladillo S.A., 2639, Calle 9, Parque industrial Pilar, Fátima, Partido del Pilar, Buenos Aires, B1629MXA, Argentina (man_made/works)","capacidad_estimada":null,"confianza_estimacion":null,"fuente_capacidad_estimada":"DOCUMENTO"}},{"type":"Feature","geometry":{"type":"Point","coordinates":[-58.609732,-34.579758]},"properties":{"id":"IND-HID-003","empresa":"Amanco Wavin Argentina (Orbia)","planta":"Planta Pablo Podestá","categoria":"Infraestructura Hídrica y Polímeros de Conducción","categoria_cod":"HID","subsector":"Tubos poliméricos","tipo":"PLANTA","producto_principal":"Caños de PVC y PEAD para agua, cloaca, drenaje y gas (línea Novafort hasta 1 m de diámetro)","capacidad_declarada":"Sin dato público oficial","origen_materia_prima":"Resinas PVC/PEAD","estado_operativo":"ACTIVA","ubicacion_texto":"Av. Pérez Galdós 8760, Pablo Podestá, Bs. As. (San Martín)","localidad":"Pablo Podestá","provincia":"Buenos Aires","notas":"","sin_ubicar":false,"lat":-34.579758,"lon":-58.609732,"precision_ubicacion":"ESTIMADA","metodo_geocodificacion":"Nominatim/OSM: Pablo Podestá, Partido de Tres de Febrero, Buenos Aires, Argentina (boundary/administrative)","capacidad_estimada":null,"confianza_estimacion":null,"fuente_capacidad_estimada":"NO_DISPONIBLE"}},{"type":"Feature","geometry":{"type":"Point","coordinates":[-58.983029,-34.391368]},"properties":{"id":"IND-HID-004","empresa":"Grupo Rotoplas (mexicano)","planta":"Planta Parque Industrial Pilar","categoria":"Infraestructura Hídrica y Polímeros de Conducción","categoria_cod":"HID","subsector":"Tanques y termotanques","tipo":"PLANTA","producto_principal":"Termotanques (línea Señorial); tanques, cisternas y plantas de tratamiento de agua","capacidad_declarada":"1 termotanque cada 20 segundos; planta de 6.500 m² cubiertos sobre lote de 12.000 m²; 200 empleados","origen_materia_prima":"Polietileno / chapa (termotanques)","estado_operativo":"ACTIVA","ubicacion_texto":"Parque Industrial Pilar, Bs. As.","localidad":"Pilar","provincia":"Buenos Aires","notas":"Inaugurada en 2022; concebida como polo exportador regional del grupo.","sin_ubicar":false,"lat":-34.391368,"lon":-58.983029,"precision_ubicacion":"EXACTA","metodo_geocodificacion":"Nominatim/OSM: Rotoplas, 358, Calle 22, Parque industrial Pilar, Fátima, Partido del Pilar, Buenos Aires, B1629MXA, Argentina (man_made/works)","capacidad_estimada":null,"confianza_estimacion":null,"fuente_capacidad_estimada":"DOCUMENTO"}},{"type":"Feature","geometry":{"type":"Point","coordinates":[-58.593791,-34.562693]},"properties":{"id":"IND-HID-005","empresa":"Grupo Rotoplas (mexicano)","planta":"Planta IPS","categoria":"Infraestructura Hídrica y Polímeros de Conducción","categoria_cod":"HID","subsector":"Tubos poliméricos","tipo":"PLANTA","producto_principal":"Tuberías y conexiones para agua y gas domiciliario","capacidad_declarada":"Exporta a más de 35 países","origen_materia_prima":"Resinas plásticas","estado_operativo":"ACTIVA","ubicacion_texto":"Argentina (predio a confirmar; empresa con +70 años en el país)","localidad":"","provincia":"","notas":"El documento no consigna localidad. Ubicación aportada por investigación externa (capacidades_estimadas.json): Planta IPS (adquirida por Rotoplas en 2018), Calle 70 N° 4467/4505, San Martín; segunda planta en Loma Hermosa. Fuentes: https://www.arquimaster.com.ar/web/grupo-rotoplas-invierte-us-5-millones-en-una-nueva-planta-en-argentina/ y https://www.baenegocios.com/negocios/El-fabricante-mexicano-de-tanques-de-agua-Rotoplas-compra-la-empresa-argentina-IPS-20180823-0079.html","sin_ubicar":false,"lat":-34.562693,"lon":-58.593791,"precision_ubicacion":"ESTIMADA","metodo_geocodificacion":"Nominatim/OSM: General San Martín, Metrobús Ruta 8, Uta, Villa Ciudad Jardín El Libertador, Partido de General San Martín, Buenos Aires, B1657, Argentina (highway/bus_stop)","capacidad_estimada":null,"confianza_estimacion":null,"fuente_capacidad_estimada":"DOCUMENTO"}},{"type":"Feature","geometry":{"type":"Point","coordinates":[-58.4122,-34.700789]},"properties":{"id":"IND-HID-006","empresa":"Waterplast (Unike Group)","planta":"Planta y sede Lanús Oeste","categoria":"Infraestructura Hídrica y Polímeros de Conducción","categoria_cod":"HID","subsector":"Tanques","tipo":"PLANTA","producto_principal":"Tanques, cisternas y biodigestores de agua","capacidad_declarada":"Sin dato público oficial","origen_materia_prima":"Polietileno rotomoldeado","estado_operativo":"ACTIVA","ubicacion_texto":"Av. San Martín 2768, Lanús Oeste, Bs. As.","localidad":"Lanús Oeste","provincia":"Buenos Aires","notas":"","sin_ubicar":false,"lat":-34.700789,"lon":-58.4122,"precision_ubicacion":"EXACTA","metodo_geocodificacion":"Nominatim/OSM: 2768, Avenida General José de San Martín, Villa Albariños, Lanús Oeste, Partido de Lanús, Buenos Aires, 1824, Argentina (place/house)","capacidad_estimada":null,"confianza_estimacion":null,"fuente_capacidad_estimada":"NO_DISPONIBLE"}},{"type":"Feature","geometry":{"type":"Point","coordinates":[-58.690769,-34.477508]},"properties":{"id":"IND-HID-007","empresa":"Tuboforte / Plásticos Tigre","planta":"Planta industrial","categoria":"Infraestructura Hídrica y Polímeros de Conducción","categoria_cod":"HID","subsector":"Tubos poliméricos","tipo":"PLANTA","producto_principal":"Caños y conexiones plásticas","capacidad_declarada":"Sin dato público oficial","origen_materia_prima":"Resinas plásticas","estado_operativo":"ACTIVA","ubicacion_texto":"Argentina (predio a confirmar)","localidad":"","provincia":"","notas":"El documento declara explícitamente que no se pudo confirmar la localidad. Ubicación aportada por investigación externa (capacidades_estimadas.json): Planta en el Área de Promoción 'El Triángulo', calle Stephenson 3075 (CP 1667), Malvinas Argentinas. Fuente: http://www.tuboforte.com.ar/contacto.html","sin_ubicar":false,"lat":-34.477508,"lon":-58.690769,"precision_ubicacion":"ESTIMADA","metodo_geocodificacion":"Nominatim/OSM: Jorge Stephenson, Pablo Nogués, Partido de Malvinas Argentinas, Buenos Aires, B1614ICA, Argentina (highway/residential)","capacidad_estimada":null,"confianza_estimacion":null,"fuente_capacidad_estimada":"NO_DISPONIBLE"}},{"type":"Feature","geometry":{"type":"Point","coordinates":[-60.712625,-32.867582]},"properties":{"id":"IND-MAQ-001","empresa":"John Deere Argentina","planta":"Planta Granadero Baigorria","categoria":"Maquinaria Pesada, Agrícola, Vial y Carrocerías","categoria_cod":"MAQ","subsector":"Tractores","tipo":"PLANTA","producto_principal":"Tractores (series 5E, 6E, 6J, 7J) y motores","capacidad_declarada":"~1.000 tractores/año (un turno, ampliable con doble turno); ~850-2.500 empleados según ciclo","origen_materia_prima":"Componentes nacionales (fundiciones, cubiertas, baterías) + importados","estado_operativo":"ACTIVA","ubicacion_texto":"Juan Orsetti 481, Granadero Baigorria, Santa Fe (en el país desde 1958)","localidad":"Granadero Baigorria","provincia":"Santa Fe","notas":"","sin_ubicar":false,"lat":-32.867582,"lon":-60.712625,"precision_ubicacion":"EXACTA","metodo_geocodificacion":"Nominatim/OSM: John Deere Argentina, 481, Granadero Baigorria, Municipio de Granadero Baigorria, Gran Rosario, Departamento Rosario, Santa Fe, 2152, Argentina (landuse/industrial)","capacidad_estimada":null,"confianza_estimacion":null,"fuente_capacidad_estimada":"DOCUMENTO"}},{"type":"Feature","geometry":{"type":"Point","coordinates":[-62.718532,-31.879228]},"properties":{"id":"IND-MAQ-002","empresa":"Pauny S.A. (ex Zanello)","planta":"Planta Las Varillas","categoria":"Maquinaria Pesada, Agrícola, Vial y Carrocerías","categoria_cod":"MAQ","subsector":"Tractores","tipo":"PLANTA","producto_principal":"Tractores","capacidad_declarada":"~2.000 tractores/año (conjunto de sus dos plantas)","origen_materia_prima":"Componentes nacionales e importados","estado_operativo":"ACTIVA","ubicacion_texto":"Las Varillas, Córdoba (adquirida en subasta 2003, ex activos de Zanello)","localidad":"Las Varillas","provincia":"Córdoba","notas":"","sin_ubicar":false,"lat":-31.879228,"lon":-62.718532,"precision_ubicacion":"EXACTA","metodo_geocodificacion":"Nominatim/OSM: Pauny S.A., Las Varillas, Municipio de Las Varillas, Pedanía Sacanta, Departamento San Justo, Córdoba, X2400, Argentina (landuse/industrial)","capacidad_estimada":null,"confianza_estimacion":null,"fuente_capacidad_estimada":"DOCUMENTO"}},{"type":"Feature","geometry":{"type":"Point","coordinates":[-64.24344,-27.735708]},"properties":{"id":"IND-MAQ-003","empresa":"Pauny S.A.","planta":"Planta Santiago del Estero","categoria":"Maquinaria Pesada, Agrícola, Vial y Carrocerías","categoria_cod":"MAQ","subsector":"Tractores","tipo":"PLANTA","producto_principal":"Tractores / componentes","capacidad_declarada":"Incluida en los ~2.000 tractores/año del grupo","origen_materia_prima":"Sin dato público oficial","estado_operativo":"ACTIVA","ubicacion_texto":"Santiago del Estero (predio exacto a confirmar)","localidad":"Santiago del Estero","provincia":"Santiago del Estero","notas":"El documento marca el predio exacto como no confirmado; se referencia en la capital provincial. Ubicación aportada por investigación externa (capacidades_estimadas.json): Parque Industrial La Isla, departamento La Banda, Santiago del Estero. Fuente: La Nación (2006).","sin_ubicar":false,"lat":-27.735708,"lon":-64.24344,"precision_ubicacion":"ESTIMADA","metodo_geocodificacion":"Nominatim/OSM: La Banda, Municipio de La Banda, Departamento Banda, Santiago del Estero, G4300, Argentina (boundary/administrative)","capacidad_estimada":"aprox. 15 tractores de 120 HP por mes al inicio de la planta (2006), además de minibuses y motoniveladoras","confianza_estimacion":"BAJA","fuente_capacidad_estimada":"ESTIMACION_EXTERNA: La Nación (2006, https://www.lanacion.com.ar/economia/campo/pauny-zanello-con-una-nueva-planta-en-santiago-del-estero-nid817274/) y bichosdecampo.com: planta de 6.000 m² en el Parque Industrial La Isla (2006) más montaje de 1.650 m² (2012). Cifra de arranque, probablemente desactualizada."}},{"type":"Feature","geometry":{"type":"Point","coordinates":[-60.70277,-32.854251]},"properties":{"id":"IND-MAQ-004","empresa":"Agrinar (ex planta Massey Ferguson)","planta":"Planta Granadero Baigorria","categoria":"Maquinaria Pesada, Agrícola, Vial y Carrocerías","categoria_cod":"MAQ","subsector":"Tractores","tipo":"PLANTA","producto_principal":"Tractores y cosechadoras","capacidad_declarada":"Sin dato público oficial","origen_materia_prima":"Sin dato público oficial","estado_operativo":"ACTIVA","ubicacion_texto":"Granadero Baigorria, Santa Fe","localidad":"Granadero Baigorria","provincia":"Santa Fe","notas":"","sin_ubicar":false,"lat":-32.854251,"lon":-60.70277,"precision_ubicacion":"EXACTA","metodo_geocodificacion":"Nominatim/OSM: Agrinar, Urquiza, El Paraíso, Granadero Baigorria, Municipio de Granadero Baigorria, Gran Rosario, Departamento Rosario, Santa Fe, 2152, Argentina (building/industrial)","capacidad_estimada":null,"confianza_estimacion":null,"fuente_capacidad_estimada":"NO_DISPONIBLE"}},{"type":"Feature","geometry":{"type":"Point","coordinates":[-64.1059,-31.462455]},"properties":{"id":"IND-MAQ-005","empresa":"CNH Industrial","planta":"Planta Córdoba (Case IH / New Holland)","categoria":"Maquinaria Pesada, Agrícola, Vial y Carrocerías","categoria_cod":"MAQ","subsector":"Cosechadoras","tipo":"PLANTA","producto_principal":"Cosechadoras y tractores","capacidad_declarada":"Sin dato público oficial","origen_materia_prima":"Sin dato público oficial","estado_operativo":"ACTIVA","ubicacion_texto":"Córdoba (predio a confirmar)","localidad":"Córdoba","provincia":"Córdoba","notas":"El documento marca el predio exacto como no confirmado. Ubicación aportada por investigación externa (capacidades_estimadas.json): Complejo industrial CNH Industrial / FPT en Ferreyra, ciudad de Córdoba. Fuente: Maquinac.com (2013) y Cadena3.","sin_ubicar":false,"lat":-31.462455,"lon":-64.1059,"precision_ubicacion":"ESTIMADA","metodo_geocodificacion":"Nominatim/OSM: Ferreyra, Avenida Amadeo Sabattini, Nicolás Avellaneda, Córdoba, Municipio de Córdoba, Pedanía Capital, Departamento Capital, Córdoba, X5020, Argentina (railway/station)","capacidad_estimada":"hasta 2.000 cosechadoras y 4.000 tractores por año (más hasta 50.000 motores/año en la planta FPT del complejo)","confianza_estimacion":"MEDIA","fuente_capacidad_estimada":"ESTIMACION_EXTERNA: Maquinac.com (2013, 'CNH inauguró su planta industrial en Córdoba') y Cadena3/AgroNoa: complejo de dos plantas (US$130M) en Ferreyra diseñado para 2.000 cosechadoras, 4.000 tractores y 50.000 motores por año. Capacidad de diseño del complejo completo, no desagregada por línea."}},{"type":"Feature","geometry":{"type":"Point","coordinates":[-59.332374,-34.656287]},"properties":{"id":"IND-MAQ-006","empresa":"Agrale Argentina","planta":"Planta de montaje Mercedes","categoria":"Maquinaria Pesada, Agrícola, Vial y Carrocerías","categoria_cod":"MAQ","subsector":"Tractores","tipo":"PLANTA","producto_principal":"Tractores (montaje)","capacidad_declarada":"Sin dato público oficial","origen_materia_prima":"Componentes importados de Brasil","estado_operativo":"ACTIVA","ubicacion_texto":"Mercedes, Bs. As.","localidad":"Mercedes","provincia":"Buenos Aires","notas":"","sin_ubicar":false,"lat":-34.656287,"lon":-59.332374,"precision_ubicacion":"EXACTA","metodo_geocodificacion":"Nominatim/OSM: Agrale Argentina, Partido de Mercedes, Buenos Aires, Argentina (landuse/industrial)","capacidad_estimada":"aprox. 1.000 unidades/año (capacidad histórica de diseño; ritmo de arranque de 70 a 100 por mes)","confianza_estimacion":"BAJA","fuente_capacidad_estimada":"ESTIMACION_EXTERNA: El Cronista ('Agrale fabricará camiones en la ex planta del 3CV en Mercedes') y autoblog.com.ar: capacidad de diseño de ~1.000 unidades/año para la planta de Ruta 5 km 89,5 (200.000 m²), al momento de su habilitación."}},{"type":"Feature","geometry":{"type":"Point","coordinates":[-58.608902,-33.032556]},"properties":{"id":"IND-MAQ-008","empresa":"Metalúrgica Hermann S.R.L.","planta":"Planta Parque Industrial Gualeguaychú","categoria":"Maquinaria Pesada, Agrícola, Vial y Carrocerías","categoria_cod":"MAQ","subsector":"Remolques","tipo":"PLANTA","producto_principal":"Acoplados, carrocerías, semirremolques y bitrenes","capacidad_declarada":"Líder nacional desde 2006, ~15% del mercado; planta de 26.500 m² cubiertos en predio de 8 ha; ~130 unidades/mes, ~300 empleados","origen_materia_prima":"Chapa y perfiles de acero","estado_operativo":"ACTIVA","ubicacion_texto":"Parque Industrial Gualeguaychú (Ruta Nacional 14), Gualeguaychú, Entre Ríos","localidad":"Gualeguaychú","provincia":"Entre Ríos","notas":"","sin_ubicar":false,"lat":-33.032556,"lon":-58.608902,"precision_ubicacion":"EXACTA","metodo_geocodificacion":"Nominatim/OSM: Parque Industrial Gualeguaychú, Gualeguaychú, Distrito Costa Uruguay Sur, Departamento Gualeguaychú, Entre Ríos, Argentina (landuse/industrial)","capacidad_estimada":null,"confianza_estimacion":null,"fuente_capacidad_estimada":"DOCUMENTO"}},{"type":"Feature","geometry":{"type":"Point","coordinates":[-60.935536,-31.578058]},"properties":{"id":"IND-MAQ-009","empresa":"Sola y Brusa S.A.","planta":"Planta Franck","categoria":"Maquinaria Pesada, Agrícola, Vial y Carrocerías","categoria_cod":"MAQ","subsector":"Remolques","tipo":"PLANTA","producto_principal":"Semirremolques (bateas, portacontenedores, ganaderos doble piso)","capacidad_declarada":"2° lugar en patentamientos (77 u./mes en pico reciente); fundada en 1961","origen_materia_prima":"Chapa y perfiles de acero","estado_operativo":"ACTIVA","ubicacion_texto":"Ruta Provincial N°6 km 7, Franck, Santa Fe","localidad":"Franck","provincia":"Santa Fe","notas":"","sin_ubicar":false,"lat":-31.578058,"lon":-60.935536,"precision_ubicacion":"EXACTA","metodo_geocodificacion":"Nominatim/OSM: Sola y Brusa S.A, San Martín, Franck, Municipio de Franck, Departamento Las Colonias, Santa Fe, S3009WAA, Argentina (man_made/works)","capacidad_estimada":null,"confianza_estimacion":null,"fuente_capacidad_estimada":"DOCUMENTO"}},{"type":"Feature","geometry":{"type":"Point","coordinates":[-61.587544,-32.470604]},"properties":{"id":"IND-MAQ-010","empresa":"Semirremolques Vulcano S.A.","planta":"Planta Las Rosas","categoria":"Maquinaria Pesada, Agrícola, Vial y Carrocerías","categoria_cod":"MAQ","subsector":"Remolques","tipo":"PLANTA","producto_principal":"Semirremolques","capacidad_declarada":"Su titular (Carlos Moriconi) presidió la CAFAS","origen_materia_prima":"Chapa y perfiles de acero","estado_operativo":"ACTIVA","ubicacion_texto":"Ruta 178, Av. Dickinson 1151, Las Rosas, Santa Fe","localidad":"Las Rosas","provincia":"Santa Fe","notas":"","sin_ubicar":false,"lat":-32.470604,"lon":-61.587544,"precision_ubicacion":"EXACTA","metodo_geocodificacion":"Nominatim/OSM: 1151, Avenida Dickinson, Municipio de Las Rosas, Las Rosas, Departamento Belgrano, Santa Fe, S2520, Argentina (place/house)","capacidad_estimada":null,"confianza_estimacion":null,"fuente_capacidad_estimada":"DOCUMENTO"}},{"type":"Feature","geometry":{"type":"Point","coordinates":[-61.398773,-32.813658]},"properties":{"id":"IND-MAQ-011","empresa":"Helvética S.A.","planta":"Planta Cañada de Gómez","categoria":"Maquinaria Pesada, Agrícola, Vial y Carrocerías","categoria_cod":"MAQ","subsector":"Remolques","tipo":"PLANTA","producto_principal":"Acoplados y semirremolques","capacidad_declarada":"Líder histórico (fundada en 1904); nave de 15.000 m² cubiertos en predio de 9 ha","origen_materia_prima":"Chapa y perfiles de acero","estado_operativo":"ACTIVA","ubicacion_texto":"Parque Industrial de Cañada de Gómez (Ruta Nac. 9 y Ruta Prov. 91), Santa Fe","localidad":"Cañada de Gómez","provincia":"Santa Fe","notas":"","sin_ubicar":false,"lat":-32.813658,"lon":-61.398773,"precision_ubicacion":"EXACTA","metodo_geocodificacion":"Nominatim/OSM: Helvética, 1291, Cañada de Gómez, Municipio de Cañada de Gómez, Departamento Iriondo, Santa Fe, 2500, Argentina (landuse/industrial)","capacidad_estimada":null,"confianza_estimacion":null,"fuente_capacidad_estimada":"DOCUMENTO"}},{"type":"Feature","geometry":{"type":"Point","coordinates":[-60.619613,-33.057523]},"properties":{"id":"IND-MAQ-012","empresa":"Randon Argentina S.A. (brasileña)","planta":"Planta en Argentina","categoria":"Maquinaria Pesada, Agrícola, Vial y Carrocerías","categoria_cod":"MAQ","subsector":"Remolques","tipo":"PLANTA","producto_principal":"Semirremolques","capacidad_declarada":"~7% del mercado; única de las 12 principales que no es de capital nacional","origen_materia_prima":"Chapa y perfiles de acero","estado_operativo":"ACTIVA","ubicacion_texto":"Argentina (inscripta en DNRPA; predio exacto no confirmado en esta ronda)","localidad":"","provincia":"","notas":"El documento declara el predio como no confirmado. Ubicación aportada por investigación externa (capacidades_estimadas.json): Planta en Alvear, Santa Fe (Ruta Provincial 16 km 4,5, sur del Gran Rosario), desde 1994. Fuentes: https://www.lacapital.com.ar/economia/con-inversiones-randon-celebra-25-anos-el-pais-n2519236.html y https://www.cronista.com/negocios/grupo-brasileno-randon-aumenta-60-su-produccion-en-la-argentina/","sin_ubicar":false,"lat":-33.057523,"lon":-60.619613,"precision_ubicacion":"ESTIMADA","metodo_geocodificacion":"Nominatim/OSM: Alvear, Municipio de Alvear, Gran Rosario, Departamento Rosario, Santa Fe, Argentina (boundary/administrative)","capacidad_estimada":null,"confianza_estimacion":null,"fuente_capacidad_estimada":"DOCUMENTO"}},{"type":"Feature","geometry":{"type":"Point","coordinates":[-58.232023,-32.485185]},"properties":{"id":"IND-MAQ-013","empresa":"Lambert Hermanos","planta":"Planta Concepción del Uruguay","categoria":"Maquinaria Pesada, Agrícola, Vial y Carrocerías","categoria_cod":"MAQ","subsector":"Remolques","tipo":"PLANTA","producto_principal":"Acoplados y semirremolques","capacidad_declarada":"9° en patentamientos nacionales (2020)","origen_materia_prima":"Chapa y perfiles de acero","estado_operativo":"ACTIVA","ubicacion_texto":"Concepción del Uruguay, Entre Ríos","localidad":"Concepción del Uruguay","provincia":"Entre Ríos","notas":"","sin_ubicar":false,"lat":-32.485185,"lon":-58.232023,"precision_ubicacion":"ESTIMADA","metodo_geocodificacion":"Nominatim/OSM: Concepción del Uruguay, Distrito Molino, Departamento Uruguay, Entre Ríos, Argentina (boundary/administrative)","capacidad_estimada":null,"confianza_estimacion":null,"fuente_capacidad_estimada":"DOCUMENTO"}},{"type":"Feature","geometry":{"type":"Point","coordinates":[-60.195817,-32.172251]},"properties":{"id":"IND-MAQ-014","empresa":"Acoplados Gross (Sucesores de Emilio Gross S.R.L.)","planta":"Planta General Ramírez","categoria":"Maquinaria Pesada, Agrícola, Vial y Carrocerías","categoria_cod":"MAQ","subsector":"Remolques","tipo":"PLANTA","producto_principal":"Acoplados y semirremolques","capacidad_declarada":"11° en patentamientos nacionales (2020)","origen_materia_prima":"Chapa y perfiles de acero","estado_operativo":"ACTIVA","ubicacion_texto":"República de Entre Ríos 1880, General Ramírez, Entre Ríos","localidad":"General Ramírez","provincia":"Entre Ríos","notas":"","sin_ubicar":false,"lat":-32.172251,"lon":-60.195817,"precision_ubicacion":"EXACTA","metodo_geocodificacion":"Nominatim/OSM: Avenida República de Entre Ríos, Barrio San Carlos, General Ramírez, Distrito Isletas, Departamento Diamante, Entre Ríos, 3164, Argentina (highway/tertiary)","capacidad_estimada":null,"confianza_estimacion":null,"fuente_capacidad_estimada":"DOCUMENTO"}},{"type":"Feature","geometry":{"type":"Point","coordinates":[-58.758708,-34.470512]},"properties":{"id":"IND-MAQ-015","empresa":"Cometto S.A.","planta":"Planta Tortuguitas","categoria":"Maquinaria Pesada, Agrícola, Vial y Carrocerías","categoria_cod":"MAQ","subsector":"Remolques","tipo":"PLANTA","producto_principal":"Semirremolques especiales y equipos de transporte pesado","capacidad_declarada":"Miembro fundador de CAFAS","origen_materia_prima":"Chapa y perfiles de acero","estado_operativo":"ACTIVA","ubicacion_texto":"Ruta Panamericana km 35,700 y Henry Ford, Tortuguitas, Buenos Aires","localidad":"Tortuguitas","provincia":"Buenos Aires","notas":"","sin_ubicar":false,"lat":-34.470512,"lon":-58.758708,"precision_ubicacion":"ESTIMADA","metodo_geocodificacion":"Nominatim/OSM: Tortuguitas, Partido de Malvinas Argentinas, Buenos Aires, 1667, Argentina (boundary/administrative)","capacidad_estimada":null,"confianza_estimacion":null,"fuente_capacidad_estimada":"DOCUMENTO"}},{"type":"Feature","geometry":{"type":"Point","coordinates":[-60.882948,-32.863735]},"properties":{"id":"IND-MAQ-016","empresa":"Danés S.R.L.","planta":"Planta Roldán","categoria":"Maquinaria Pesada, Agrícola, Vial y Carrocerías","categoria_cod":"MAQ","subsector":"Remolques","tipo":"PLANTA","producto_principal":"Acoplados y semirremolques","capacidad_declarada":"Sin dato público oficial","origen_materia_prima":"Chapa y perfiles de acero","estado_operativo":"ACTIVA","ubicacion_texto":"Ruta A-012 km 52, Roldán, Santa Fe","localidad":"Roldán","provincia":"Santa Fe","notas":"","sin_ubicar":false,"lat":-32.863735,"lon":-60.882948,"precision_ubicacion":"EXACTA","metodo_geocodificacion":"Nominatim/OSM: Danés SRL, Ruta Nacional A012, Villa Eduardito, Roldán, Municipio de Roldán, Gran Rosario, Departamento San Lorenzo, Santa Fe, S2134, Argentina (man_made/works)","capacidad_estimada":null,"confianza_estimacion":null,"fuente_capacidad_estimada":"NO_DISPONIBLE"}},{"type":"Feature","geometry":{"type":"Point","coordinates":[-60.949412,-31.437307]},"properties":{"id":"IND-MAQ-017","empresa":"SICA Metalúrgica Argentina S.A.","planta":"Planta Esperanza","categoria":"Maquinaria Pesada, Agrícola, Vial y Carrocerías","categoria_cod":"MAQ","subsector":"Remolques","tipo":"PLANTA","producto_principal":"Acoplados y semirremolques","capacidad_declarada":"Sin dato público oficial","origen_materia_prima":"Chapa y perfiles de acero","estado_operativo":"ACTIVA","ubicacion_texto":"Rvdo. Padre Kreder 3746, Esperanza, Santa Fe","localidad":"Esperanza","provincia":"Santa Fe","notas":"","sin_ubicar":false,"lat":-31.437307,"lon":-60.949412,"precision_ubicacion":"EXACTA","metodo_geocodificacion":"Nominatim/OSM: Sica Metalúrgica Argentina S.A., 3746, Kreder, Esperanza, Municipio de Esperanza, Departamento Las Colonias, Santa Fe, 3080, Argentina (craft/metal_construction)","capacidad_estimada":null,"confianza_estimacion":null,"fuente_capacidad_estimada":"NO_DISPONIBLE"}},{"type":"Feature","geometry":{"type":"Point","coordinates":[-62.104385,-32.694693]},"properties":{"id":"IND-MAQ-018","empresa":"Taboga Hnos. S.A.C.I.","planta":"Planta Marcos Juárez","categoria":"Maquinaria Pesada, Agrícola, Vial y Carrocerías","categoria_cod":"MAQ","subsector":"Remolques","tipo":"PLANTA","producto_principal":"Acoplados (marca \"El Fierro\")","capacidad_declarada":"Sin dato público oficial","origen_materia_prima":"Chapa y perfiles de acero","estado_operativo":"ACTIVA","ubicacion_texto":"Av. Intendente Loinás 60, Marcos Juárez, Córdoba","localidad":"Marcos Juárez","provincia":"Córdoba","notas":"","sin_ubicar":false,"lat":-32.694693,"lon":-62.104385,"precision_ubicacion":"ESTIMADA","metodo_geocodificacion":"Nominatim/OSM: Municipio de Marcos Juárez, Pedanía Espinillos, Departamento Marcos Juárez, Córdoba, X2580, Argentina (boundary/administrative)","capacidad_estimada":null,"confianza_estimacion":null,"fuente_capacidad_estimada":"NO_DISPONIBLE"}},{"type":"Feature","geometry":{"type":"Point","coordinates":[-65.309441,-43.253124]},"properties":{"id":"IND-MAQ-019","empresa":"INDASYC S.A.","planta":"Planta Trelew","categoria":"Maquinaria Pesada, Agrícola, Vial y Carrocerías","categoria_cod":"MAQ","subsector":"Remolques","tipo":"PLANTA","producto_principal":"Acoplados y semirremolques (marca Sayi)","capacidad_declarada":"Única fábrica del rubro identificada en la Patagonia","origen_materia_prima":"Chapa y perfiles de acero","estado_operativo":"ACTIVA","ubicacion_texto":"Ruta Nacional N°3 km 1.460, Trelew, Chubut","localidad":"Trelew","provincia":"Chubut","notas":"","sin_ubicar":false,"lat":-43.253124,"lon":-65.309441,"precision_ubicacion":"ESTIMADA","metodo_geocodificacion":"Nominatim/OSM: Trelew, Municipio de Trelew, Departamento Rawson, Chubut, U9100, Argentina (place/city)","capacidad_estimada":null,"confianza_estimacion":null,"fuente_capacidad_estimada":"DOCUMENTO"}},{"type":"Feature","geometry":{"type":"Point","coordinates":[-58.750014,-35.057527]},"properties":{"id":"IND-MOL-001","empresa":"Molino Cañuelas (Grupo Navilli)","planta":"Planta Cañuelas","categoria":"Molinería y Alimentos Básicos a Granel","categoria_cod":"MOL","subsector":"Molinería","tipo":"PLANTA","producto_principal":"Harina de trigo, premezclas","capacidad_declarada":"Molino Cañuelas procesa ~28,5% de la molienda total de trigo del país (grupo, 11 plantas + 2 de Molinos Florencia)","origen_materia_prima":"Trigo nacional","estado_operativo":"ACTIVA","ubicacion_texto":"Cañuelas, Bs. As. (sede fundacional, 1976)","localidad":"Cañuelas","provincia":"Buenos Aires","notas":"","sin_ubicar":false,"lat":-35.057527,"lon":-58.750014,"precision_ubicacion":"EXACTA","metodo_geocodificacion":"Nominatim/OSM: Molino Cañuelas, Cañuelas, Partido de Cañuelas, Buenos Aires, Argentina (landuse/industrial)","capacidad_estimada":null,"confianza_estimacion":null,"fuente_capacidad_estimada":"DOCUMENTO"}},{"type":"Feature","geometry":{"type":"Point","coordinates":[-58.593117,-34.910424]},"properties":{"id":"IND-MOL-002","empresa":"Molino Cañuelas (Grupo Navilli)","planta":"Planta Carlos Spegazzini (Ezeiza)","categoria":"Molinería y Alimentos Básicos a Granel","categoria_cod":"MOL","subsector":"Molinería","tipo":"PLANTA","producto_principal":"Harinas, aceites, congelados, galletitas","capacidad_declarada":"Parte de la expansión financiada con crédito IFC/Banco Mundial de US$80M","origen_materia_prima":"Trigo/oleaginosas nacionales","estado_operativo":"ACTIVA","ubicacion_texto":"Carlos Spegazzini, Ezeiza, Bs. As.","localidad":"Carlos Spegazzini","provincia":"Buenos Aires","notas":"","sin_ubicar":false,"lat":-34.910424,"lon":-58.593117,"precision_ubicacion":"ESTIMADA","metodo_geocodificacion":"Nominatim/OSM: Carlos Spegazzini, Partido de Ezeiza, Buenos Aires, Argentina (boundary/administrative)","capacidad_estimada":null,"confianza_estimacion":null,"fuente_capacidad_estimada":"DOCUMENTO"}},{"type":"Feature","geometry":{"type":"Point","coordinates":[-58.914161,-34.457092]},"properties":{"id":"IND-MOL-003","empresa":"Molino Cañuelas (Grupo Navilli)","planta":"Planta Pilar","categoria":"Molinería y Alimentos Básicos a Granel","categoria_cod":"MOL","subsector":"Molinería","tipo":"PLANTA","producto_principal":"Molienda de trigo","capacidad_declarada":"Incluida en el total de 11 plantas bonaerenses del grupo","origen_materia_prima":"Trigo nacional","estado_operativo":"ACTIVA","ubicacion_texto":"Bs. As. (varias localidades)","localidad":"Pilar","provincia":"Buenos Aires","notas":"","sin_ubicar":false,"lat":-34.457092,"lon":-58.914161,"precision_ubicacion":"ESTIMADA","metodo_geocodificacion":"Nominatim/OSM: Pilar, Partido del Pilar, Buenos Aires, Argentina (boundary/administrative)","capacidad_estimada":null,"confianza_estimacion":null,"fuente_capacidad_estimada":"DOCUMENTO"}},{"type":"Feature","geometry":{"type":"Point","coordinates":[-60.470185,-34.629704]},"properties":{"id":"IND-MOL-004","empresa":"Molino Cañuelas (Grupo Navilli)","planta":"Planta Chacabuco","categoria":"Molinería y Alimentos Básicos a Granel","categoria_cod":"MOL","subsector":"Molinería","tipo":"PLANTA","producto_principal":"Molienda de trigo","capacidad_declarada":"Incluida en el total de 11 plantas bonaerenses del grupo","origen_materia_prima":"Trigo nacional","estado_operativo":"ACTIVA","ubicacion_texto":"Bs. As. (varias localidades)","localidad":"Chacabuco","provincia":"Buenos Aires","notas":"","sin_ubicar":false,"lat":-34.629704,"lon":-60.470185,"precision_ubicacion":"ESTIMADA","metodo_geocodificacion":"Nominatim/OSM: Chacabuco, Acceso a la estación, Chacabuco, Partido de Chacabuco, Buenos Aires, 6740, Argentina (railway/station)","capacidad_estimada":null,"confianza_estimacion":null,"fuente_capacidad_estimada":"DOCUMENTO"}},{"type":"Feature","geometry":{"type":"Point","coordinates":[-58.560784,-34.677419]},"properties":{"id":"IND-MOL-005","empresa":"Molino Cañuelas (Grupo Navilli)","planta":"Planta San Justo","categoria":"Molinería y Alimentos Básicos a Granel","categoria_cod":"MOL","subsector":"Molinería","tipo":"PLANTA","producto_principal":"Molienda de trigo","capacidad_declarada":"Incluida en el total de 11 plantas bonaerenses del grupo","origen_materia_prima":"Trigo nacional","estado_operativo":"ACTIVA","ubicacion_texto":"Bs. As. (varias localidades)","localidad":"San Justo","provincia":"Buenos Aires","notas":"","sin_ubicar":false,"lat":-34.677419,"lon":-58.560784,"precision_ubicacion":"ESTIMADA","metodo_geocodificacion":"Nominatim/OSM: San Justo, Partido de La Matanza, Buenos Aires, Argentina (boundary/administrative)","capacidad_estimada":null,"confianza_estimacion":null,"fuente_capacidad_estimada":"DOCUMENTO"}},{"type":"Feature","geometry":{"type":"Point","coordinates":[-60.275568,-38.377001]},"properties":{"id":"IND-MOL-006","empresa":"Molino Cañuelas (Grupo Navilli)","planta":"Planta Tres Arroyos","categoria":"Molinería y Alimentos Básicos a Granel","categoria_cod":"MOL","subsector":"Molinería","tipo":"PLANTA","producto_principal":"Molienda de trigo","capacidad_declarada":"Incluida en el total de 11 plantas bonaerenses del grupo","origen_materia_prima":"Trigo nacional","estado_operativo":"ACTIVA","ubicacion_texto":"Bs. As. (varias localidades)","localidad":"Tres Arroyos","provincia":"Buenos Aires","notas":"","sin_ubicar":false,"lat":-38.377001,"lon":-60.275568,"precision_ubicacion":"ESTIMADA","metodo_geocodificacion":"Nominatim/OSM: Tres Arroyos, Partido de Tres Arroyos, Buenos Aires, B7500, Argentina (boundary/administrative)","capacidad_estimada":null,"confianza_estimacion":null,"fuente_capacidad_estimada":"DOCUMENTO"}},{"type":"Feature","geometry":{"type":"Point","coordinates":[-62.411696,-37.605171]},"properties":{"id":"IND-MOL-007","empresa":"Molino Cañuelas (Grupo Navilli)","planta":"Planta Pigüé","categoria":"Molinería y Alimentos Básicos a Granel","categoria_cod":"MOL","subsector":"Molinería","tipo":"PLANTA","producto_principal":"Molienda de trigo","capacidad_declarada":"Incluida en el total de 11 plantas bonaerenses del grupo","origen_materia_prima":"Trigo nacional","estado_operativo":"ACTIVA","ubicacion_texto":"Bs. As. (varias localidades)","localidad":"Pigüé","provincia":"Buenos Aires","notas":"","sin_ubicar":false,"lat":-37.605171,"lon":-62.411696,"precision_ubicacion":"EXACTA","metodo_geocodificacion":"Nominatim/OSM: Molino Cañuelas, Ducós, Pigüé, Cuartel II, Partido de Saavedra, Buenos Aires, Argentina (landuse/industrial)","capacidad_estimada":null,"confianza_estimacion":null,"fuente_capacidad_estimada":"DOCUMENTO"}},{"type":"Feature","geometry":{"type":"Point","coordinates":[-60.661702,-32.959361]},"properties":{"id":"IND-MOL-008","empresa":"Molino Cañuelas (Grupo Navilli)","planta":"Planta Rosario","categoria":"Molinería y Alimentos Básicos a Granel","categoria_cod":"MOL","subsector":"Molinería","tipo":"PLANTA","producto_principal":"Molienda de trigo","capacidad_declarada":"Incluida en el total de plantas del grupo","origen_materia_prima":"Trigo nacional","estado_operativo":"ACTIVA","ubicacion_texto":"Rosario y Santa Fe Capital","localidad":"Rosario","provincia":"Santa Fe","notas":"","sin_ubicar":false,"lat":-32.959361,"lon":-60.661702,"precision_ubicacion":"ESTIMADA","metodo_geocodificacion":"Nominatim/OSM: Rosario, Municipio de Rosario, Gran Rosario, Departamento Rosario, Santa Fe, S2000, Argentina (boundary/administrative)","capacidad_estimada":null,"confianza_estimacion":null,"fuente_capacidad_estimada":"DOCUMENTO"}},{"type":"Feature","geometry":{"type":"Point","coordinates":[-60.642856,-31.647491]},"properties":{"id":"IND-MOL-009","empresa":"Molino Cañuelas (Grupo Navilli)","planta":"Planta Santa Fe Capital","categoria":"Molinería y Alimentos Básicos a Granel","categoria_cod":"MOL","subsector":"Molinería","tipo":"PLANTA","producto_principal":"Molienda de trigo","capacidad_declarada":"Incluida en el total de plantas del grupo","origen_materia_prima":"Trigo nacional","estado_operativo":"ACTIVA","ubicacion_texto":"Rosario y Santa Fe Capital","localidad":"Santa Fe","provincia":"Santa Fe","notas":"","sin_ubicar":false,"lat":-31.647491,"lon":-60.642856,"precision_ubicacion":"ESTIMADA","metodo_geocodificacion":"Nominatim/OSM: Santa Fe Capital, Departamento La Capital, Santa Fe, S3000, Argentina (boundary/administrative)","capacidad_estimada":null,"confianza_estimacion":null,"fuente_capacidad_estimada":"DOCUMENTO"}},{"type":"Feature","geometry":{"type":"Point","coordinates":[-58.986508,-27.451143]},"properties":{"id":"IND-MOL-010","empresa":"Molino Cañuelas (Grupo Navilli)","planta":"Planta Resistencia","categoria":"Molinería y Alimentos Básicos a Granel","categoria_cod":"MOL","subsector":"Molinería","tipo":"PLANTA","producto_principal":"Molienda de trigo","capacidad_declarada":"Incluida en el total de plantas del grupo","origen_materia_prima":"Trigo nacional","estado_operativo":"ACTIVA","ubicacion_texto":"Resistencia, Chaco","localidad":"Resistencia","provincia":"Chaco","notas":"","sin_ubicar":false,"lat":-27.451143,"lon":-58.986508,"precision_ubicacion":"ESTIMADA","metodo_geocodificacion":"Nominatim/OSM: Plaza 25 de Mayo de 1810, Resistencia, Municipio de Resistencia, Departamento San Fernando, Chaco, Argentina (leisure/park)","capacidad_estimada":null,"confianza_estimacion":null,"fuente_capacidad_estimada":"DOCUMENTO"}},{"type":"Feature","geometry":{"type":"Point","coordinates":[-64.234563,-35.030159]},"properties":{"id":"IND-MOL-011","empresa":"Molino Cañuelas (Grupo Navilli)","planta":"Planta Realicó","categoria":"Molinería y Alimentos Básicos a Granel","categoria_cod":"MOL","subsector":"Molinería","tipo":"PLANTA","producto_principal":"Molienda de trigo","capacidad_declarada":"Incluida en el total de plantas del grupo","origen_materia_prima":"Trigo nacional","estado_operativo":"ACTIVA","ubicacion_texto":"Realicó, La Pampa","localidad":"Realicó","provincia":"La Pampa","notas":"","sin_ubicar":false,"lat":-35.030159,"lon":-64.234563,"precision_ubicacion":"EXACTA","metodo_geocodificacion":"Nominatim/OSM: Planta Industrial Molino Cañuelas Realicó, Quintas Norte, Realicó, Municipio de Realicó, Departamento Realicó, La Pampa, L6200, Argentina (landuse/industrial)","capacidad_estimada":null,"confianza_estimacion":null,"fuente_capacidad_estimada":"DOCUMENTO"}},{"type":"Feature","geometry":{"type":"Point","coordinates":[-65.410319,-24.789295]},"properties":{"id":"IND-MOL-012","empresa":"Molino Cañuelas (Grupo Navilli)","planta":"Planta Salta Capital","categoria":"Molinería y Alimentos Básicos a Granel","categoria_cod":"MOL","subsector":"Molinería","tipo":"PLANTA","producto_principal":"Molienda de trigo","capacidad_declarada":"Incluida en el total de plantas del grupo","origen_materia_prima":"Trigo nacional","estado_operativo":"ACTIVA","ubicacion_texto":"Salta Capital","localidad":"Salta","provincia":"Salta","notas":"","sin_ubicar":false,"lat":-24.789295,"lon":-65.410319,"precision_ubicacion":"ESTIMADA","metodo_geocodificacion":"Nominatim/OSM: Salta, Capital, Salta, Argentina (boundary/administrative)","capacidad_estimada":null,"confianza_estimacion":null,"fuente_capacidad_estimada":"DOCUMENTO"}},{"type":"Feature","geometry":{"type":"Point","coordinates":[-64.030275,-33.625095]},"properties":{"id":"IND-MOL-013","empresa":"Molino Cañuelas (Grupo Navilli)","planta":"Planta Adelia María","categoria":"Molinería y Alimentos Básicos a Granel","categoria_cod":"MOL","subsector":"Molinería","tipo":"PLANTA","producto_principal":"Molienda de trigo (una de las mayores del país por t/día)","capacidad_declarada":"Entre las 4 mayores plantas harineras del país","origen_materia_prima":"Trigo nacional","estado_operativo":"ACTIVA","ubicacion_texto":"Adelia María, Córdoba","localidad":"Adelia María","provincia":"Córdoba","notas":"","sin_ubicar":false,"lat":-33.625095,"lon":-64.030275,"precision_ubicacion":"EXACTA","metodo_geocodificacion":"Nominatim/OSM: Molino Cañuelas S.A.C.I.F.I.A., Roque Sáenz Peña, Adelia María, Municipio de Adelia María, Pedanía Cautiva, Departamento Río Cuarto, Córdoba, X5800, Argentina (man_made/works)","capacidad_estimada":null,"confianza_estimacion":null,"fuente_capacidad_estimada":"DOCUMENTO"}},{"type":"Feature","geometry":{"type":"Point","coordinates":[-63.390583,-34.128637]},"properties":{"id":"IND-MOL-014","empresa":"Molino Florencia (Grupo Cañuelas)","planta":"Planta Laboulaye","categoria":"Molinería y Alimentos Básicos a Granel","categoria_cod":"MOL","subsector":"Molinería","tipo":"PLANTA","producto_principal":"Harina de trigo","capacidad_declarada":"~720 t/día de molienda","origen_materia_prima":"Trigo nacional","estado_operativo":"ACTIVA","ubicacion_texto":"Laboulaye, Córdoba","localidad":"Laboulaye","provincia":"Córdoba","notas":"","sin_ubicar":false,"lat":-34.128637,"lon":-63.390583,"precision_ubicacion":"ESTIMADA","metodo_geocodificacion":"Nominatim/OSM: Municipio de Laboulaye, Pedanía La Amarga, Departamento Presidente Roque Sáenz Peña, Córdoba, X6120, Argentina (boundary/administrative)","capacidad_estimada":null,"confianza_estimacion":null,"fuente_capacidad_estimada":"DOCUMENTO"}},{"type":"Feature","geometry":{"type":"Point","coordinates":[-64.183419,-31.416687]},"properties":{"id":"IND-MOL-015","empresa":"Molino Florencia (Grupo Cañuelas)","planta":"Planta Córdoba Capital","categoria":"Molinería y Alimentos Básicos a Granel","categoria_cod":"MOL","subsector":"Molinería","tipo":"PLANTA","producto_principal":"Harina de trigo","capacidad_declarada":"Sin dato público oficial","origen_materia_prima":"Trigo nacional","estado_operativo":"ACTIVA","ubicacion_texto":"Córdoba Capital","localidad":"Córdoba","provincia":"Córdoba","notas":"","sin_ubicar":false,"lat":-31.416687,"lon":-64.183419,"precision_ubicacion":"ESTIMADA","metodo_geocodificacion":"Nominatim/OSM: Córdoba, Municipio de Córdoba, Pedanía Capital, Departamento Capital, Córdoba, X5000, Argentina (boundary/administrative)","capacidad_estimada":"Grupo Molino Cañuelas + Molinos Florencia: 130.000-140.000 t/mes de harina de trigo en conjunto (30% de la producción nacional); sin cifra específica para Córdoba Capital","confianza_estimacion":"BAJA","fuente_capacidad_estimada":"ESTIMACION_EXTERNA: infonegocios.info ('Molino Cañuelas, un gigante nacido en el sur cordobés') y molinocanuelas.com/florencia; la única cifra de planta (720 t/día) corresponde a Laboulaye."}},{"type":"Feature","geometry":{"type":"Point","coordinates":[-59.02451,-34.095471]},"properties":{"id":"IND-MOL-016","empresa":"Molino Cañuelas (Grupo Navilli)","planta":"Terminal Las Palmas (puerto propio)","categoria":"Molinería y Alimentos Básicos a Granel","categoria_cod":"MOL","subsector":"Puerto cerealero","tipo":"PUERTO","producto_principal":"Puerto cerealero y de carga general (exportación)","capacidad_declarada":"Sin dato público oficial","origen_materia_prima":"Sin dato público oficial","estado_operativo":"ACTIVA","ubicacion_texto":"Zárate, Bs. As. (predio de 85 ha sobre el Paraná de las Palmas)","localidad":"Zárate","provincia":"Buenos Aires","notas":"","sin_ubicar":false,"lat":-34.095471,"lon":-59.02451,"precision_ubicacion":"ESTIMADA","metodo_geocodificacion":"Nominatim/OSM: Zárate, Partido de Zárate, Buenos Aires, 2800, Argentina (place/city)","capacidad_estimada":null,"confianza_estimacion":null,"fuente_capacidad_estimada":"NO_DISPONIBLE"}},{"type":"Feature","geometry":{"type":"Point","coordinates":[-58.976984,-34.400247]},"properties":{"id":"IND-MOL-017","empresa":"Cargill SACI","planta":"Planta Pilar","categoria":"Molinería y Alimentos Básicos a Granel","categoria_cod":"MOL","subsector":"Molinería","tipo":"PLANTA","producto_principal":"Molienda de trigo","capacidad_declarada":"1.400 t/día — el molino más grande del país","origen_materia_prima":"Trigo nacional","estado_operativo":"ACTIVA","ubicacion_texto":"Pilar, Bs. As.","localidad":"Pilar","provincia":"Buenos Aires","notas":"","sin_ubicar":false,"lat":-34.400247,"lon":-58.976984,"precision_ubicacion":"EXACTA","metodo_geocodificacion":"Nominatim/OSM: Cargill Pilar, 3467, Calle 9, Parque industrial Pilar, Fátima, Partido del Pilar, Buenos Aires, B1629MXA, Argentina (man_made/works)","capacidad_estimada":null,"confianza_estimacion":null,"fuente_capacidad_estimada":"DOCUMENTO"}},{"type":"Feature","geometry":{"type":"Point","coordinates":[-64.219883,-31.449128]},"properties":{"id":"IND-MOL-018","empresa":"José Minetti y Cía. Ltda.","planta":"Planta Córdoba","categoria":"Molinería y Alimentos Básicos a Granel","categoria_cod":"MOL","subsector":"Molinería","tipo":"PLANTA","producto_principal":"Molienda de trigo","capacidad_declarada":"820 t/día","origen_materia_prima":"Trigo nacional","estado_operativo":"ACTIVA","ubicacion_texto":"Córdoba Capital","localidad":"Córdoba","provincia":"Córdoba","notas":"","sin_ubicar":false,"lat":-31.449128,"lon":-64.219883,"precision_ubicacion":"EXACTA","metodo_geocodificacion":"Nominatim/OSM: Molino José Minetti, Villa La Lonja, SMATA, Córdoba, Municipio de Córdoba, Pedanía Capital, Departamento Capital, Córdoba, X5000, Argentina (landuse/industrial)","capacidad_estimada":null,"confianza_estimacion":null,"fuente_capacidad_estimada":"DOCUMENTO"}},{"type":"Feature","geometry":{"type":"Point","coordinates":[-58.362207,-34.610376]},"properties":{"id":"IND-MOL-019","empresa":"Molinos Río de la Plata","planta":"Planta histórica Puerto Madero","categoria":"Molinería y Alimentos Básicos a Granel","categoria_cod":"MOL","subsector":"Molinería","tipo":"PLANTA","producto_principal":"Molienda de trigo (origen histórico; verificar operación actual)","capacidad_declarada":"Molinos participa con ~35-38% de la molienda de trigo candeal","origen_materia_prima":"Trigo nacional","estado_operativo":"ACTIVA","ubicacion_texto":"Dique III, Puerto Madero, CABA","localidad":"Puerto Madero","provincia":"Ciudad Autónoma de Buenos Aires","notas":"Origen 1902. El propio documento sugiere verificar si la molienda sigue operativa en el sitio.","sin_ubicar":false,"lat":-34.610376,"lon":-58.362207,"precision_ubicacion":"ESTIMADA","metodo_geocodificacion":"Nominatim/OSM: Puerto Madero, Buenos Aires, Comuna 1, Ciudad Autónoma de Buenos Aires, Argentina (boundary/administrative)","capacidad_estimada":null,"confianza_estimacion":null,"fuente_capacidad_estimada":"DOCUMENTO"}},{"type":"Feature","geometry":{"type":"Point","coordinates":[-62.265487,-38.717652]},"properties":{"id":"IND-MOL-020","empresa":"Compañía Molinera del Sur SACEI","planta":"Planta Bahía Blanca","categoria":"Molinería y Alimentos Básicos a Granel","categoria_cod":"MOL","subsector":"Molinería","tipo":"PLANTA","producto_principal":"Molienda de trigo candeal","capacidad_declarada":"~26-27% de participación en trigo candeal (6.500-7.000 t/mes)","origen_materia_prima":"Trigo candeal del sur bonaerense","estado_operativo":"ACTIVA","ubicacion_texto":"Bahía Blanca, Bs. As.","localidad":"Bahía Blanca","provincia":"Buenos Aires","notas":"","sin_ubicar":false,"lat":-38.717652,"lon":-62.265487,"precision_ubicacion":"ESTIMADA","metodo_geocodificacion":"Nominatim/OSM: Bahía Blanca, Cuartel I, Partido de Bahía Blanca, Buenos Aires, Argentina (boundary/administrative)","capacidad_estimada":null,"confianza_estimacion":null,"fuente_capacidad_estimada":"DOCUMENTO"}},{"type":"Feature","geometry":{"type":"Point","coordinates":[-60.275568,-38.377001]},"properties":{"id":"IND-MOL-021","empresa":"Molino Tres Arroyos","planta":"Planta Tres Arroyos","categoria":"Molinería y Alimentos Básicos a Granel","categoria_cod":"MOL","subsector":"Molinería","tipo":"PLANTA","producto_principal":"Molienda de trigo candeal","capacidad_declarada":"~12-13% de participación en trigo candeal (3.500-3.800 t/mes)","origen_materia_prima":"Trigo candeal","estado_operativo":"ACTIVA","ubicacion_texto":"Tres Arroyos, Bs. As.","localidad":"Tres Arroyos","provincia":"Buenos Aires","notas":"La consulta por nombre de planta resolvía a otro molino del partido (Micaela Cascallares); se usa el centroide de la ciudad.","sin_ubicar":false,"lat":-38.377001,"lon":-60.275568,"precision_ubicacion":"ESTIMADA","metodo_geocodificacion":"Nominatim/OSM: Tres Arroyos, Partido de Tres Arroyos, Buenos Aires, B7500, Argentina (boundary/administrative)","capacidad_estimada":null,"confianza_estimacion":null,"fuente_capacidad_estimada":"DOCUMENTO"}},{"type":"Feature","geometry":{"type":"Point","coordinates":[-60.743091,-32.745486]},"properties":{"id":"IND-MOL-022","empresa":"Nodos Up-River (acopio y molienda de granos)","planta":"Terminales portuarias Up-River","categoria":"Molinería y Alimentos Básicos a Granel","categoria_cod":"MOL","subsector":"Agroexportación","tipo":"POLO_REGIONAL","producto_principal":"Acopio, molienda y exportación de granos y subproductos","capacidad_declarada":"Mayor polo agroexportador de granos y oleaginosas del país","origen_materia_prima":"Soja, maíz, trigo del área núcleo pampeana","estado_operativo":"ACTIVA","ubicacion_texto":"San Lorenzo, Puerto General San Martín y Timbúes, Santa Fe","localidad":"San Lorenzo","provincia":"Santa Fe","notas":"Nodo regional agregado (San Lorenzo - Puerto General San Martín - Timbúes), referenciado en San Lorenzo.","sin_ubicar":false,"lat":-32.745486,"lon":-60.743091,"precision_ubicacion":"ESTIMADA","metodo_geocodificacion":"Nominatim/OSM: San Lorenzo, Municipio de San Lorenzo, Gran Rosario, Departamento San Lorenzo, Santa Fe, Argentina (boundary/administrative)","capacidad_estimada":null,"confianza_estimacion":null,"fuente_capacidad_estimada":"DOCUMENTO"}},{"type":"Feature","geometry":{"type":"Point","coordinates":[-61.491676,-31.252692]},"properties":{"id":"IND-MOL-023","empresa":"Cuenca lechera Santa Fe centro","planta":"Polo de usinas lácteas","categoria":"Molinería y Alimentos Básicos a Granel","categoria_cod":"MOL","subsector":"Lácteos","tipo":"POLO_REGIONAL","producto_principal":"Leche fluida y productos lácteos","capacidad_declarada":"Una de las tres principales cuencas lecheras del país","origen_materia_prima":"Leche de tambos de la región","estado_operativo":"ACTIVA","ubicacion_texto":"Zona centro de Santa Fe (Rafaela y alrededores)","localidad":"Rafaela","provincia":"Santa Fe","notas":"Nodo regional agregado, referenciado en Rafaela.","sin_ubicar":false,"lat":-31.252692,"lon":-61.491676,"precision_ubicacion":"ESTIMADA","metodo_geocodificacion":"Nominatim/OSM: Rafaela, Municipio de Rafaela, Departamento Castellanos, Santa Fe, S2300, Argentina (boundary/administrative)","capacidad_estimada":null,"confianza_estimacion":null,"fuente_capacidad_estimada":"DOCUMENTO"}},{"type":"Feature","geometry":{"type":"Point","coordinates":[-63.243581,-32.410624]},"properties":{"id":"IND-MOL-024","empresa":"Cuenca lechera Córdoba este","planta":"Polo de usinas lácteas","categoria":"Molinería y Alimentos Básicos a Granel","categoria_cod":"MOL","subsector":"Lácteos","tipo":"POLO_REGIONAL","producto_principal":"Leche fluida y productos lácteos","capacidad_declarada":"Sin dato público oficial","origen_materia_prima":"Leche de tambos de la región","estado_operativo":"ACTIVA","ubicacion_texto":"Este de Córdoba (Villa María, San Francisco y alrededores)","localidad":"Villa María","provincia":"Córdoba","notas":"Nodo regional agregado, referenciado en Villa María.","sin_ubicar":false,"lat":-32.410624,"lon":-63.243581,"precision_ubicacion":"ESTIMADA","metodo_geocodificacion":"Nominatim/OSM: Villa María, Municipio de Villa María, Pedanía Villa María, Departamento General San Martín, Córdoba, X5900, Argentina (boundary/administrative)","capacidad_estimada":null,"confianza_estimacion":null,"fuente_capacidad_estimada":"NO_DISPONIBLE"}},{"type":"Feature","geometry":{"type":"Point","coordinates":[-58.761738,-35.054025]},"properties":{"id":"IND-MOL-025","empresa":"Cuenca lechera Buenos Aires (abasto y oeste)","planta":"Polo de usinas lácteas","categoria":"Molinería y Alimentos Básicos a Granel","categoria_cod":"MOL","subsector":"Lácteos","tipo":"POLO_REGIONAL","producto_principal":"Leche fluida y productos lácteos","capacidad_declarada":"Sin dato público oficial","origen_materia_prima":"Leche de tambos de la región","estado_operativo":"ACTIVA","ubicacion_texto":"Oeste bonaerense y cuenca de abasto (Cañuelas, Chascomús, Lincoln, etc.)","localidad":"Cañuelas","provincia":"Buenos Aires","notas":"Nodo regional agregado, referenciado en Cañuelas.","sin_ubicar":false,"lat":-35.054025,"lon":-58.761738,"precision_ubicacion":"ESTIMADA","metodo_geocodificacion":"Nominatim/OSM: Cañuelas, Partido de Cañuelas, Buenos Aires, Argentina (boundary/administrative)","capacidad_estimada":null,"confianza_estimacion":null,"fuente_capacidad_estimada":"NO_DISPONIBLE"}},{"type":"Feature","geometry":{"type":"Point","coordinates":[-58.952259,-34.594324]},"properties":{"id":"IND-MOL-026","empresa":"Mastellone Hnos. S.A. (La Serenísima)","planta":"Complejo Industrial Pascual Mastellone","categoria":"Molinería y Alimentos Básicos a Granel","categoria_cod":"MOL","subsector":"Lácteos","tipo":"PLANTA","producto_principal":"Leche fluida, yogures, postres (planta insignia del grupo)","capacidad_declarada":"Grupo recibe 3.500.000 litros/día a nivel nacional","origen_materia_prima":"Leche de tambos del corredor bonaerense","estado_operativo":"ACTIVA","ubicacion_texto":"Almirante Brown 957, General Rodríguez, Bs. As. (52 km de CABA)","localidad":"General Rodríguez","provincia":"Buenos Aires","notas":"Bajo control conjunto Arcor/Danone.","sin_ubicar":false,"lat":-34.594324,"lon":-58.952259,"precision_ubicacion":"EXACTA","metodo_geocodificacion":"Nominatim/OSM: La Serenísima, Parque Irigoyen, General Rodríguez, Partido de General Rodríguez, Buenos Aires, Argentina (landuse/industrial)","capacidad_estimada":null,"confianza_estimacion":null,"fuente_capacidad_estimada":"DOCUMENTO"}},{"type":"Feature","geometry":{"type":"Point","coordinates":[-58.388146,-34.85803]},"properties":{"id":"IND-MOL-027","empresa":"Mastellone Hnos. S.A. (La Serenísima)","planta":"Planta Longchamps","categoria":"Molinería y Alimentos Básicos a Granel","categoria_cod":"MOL","subsector":"Lácteos","tipo":"PLANTA","producto_principal":"Productos lácteos","capacidad_declarada":"Incluida en el total del grupo","origen_materia_prima":"Leche de tambos bonaerenses","estado_operativo":"ACTIVA","ubicacion_texto":"Longchamps, Bs. As.","localidad":"Longchamps","provincia":"Buenos Aires","notas":"","sin_ubicar":false,"lat":-34.85803,"lon":-58.388146,"precision_ubicacion":"ESTIMADA","metodo_geocodificacion":"Nominatim/OSM: Longchamps, Partido de Almirante Brown, Buenos Aires, Argentina (boundary/administrative)","capacidad_estimada":null,"confianza_estimacion":null,"fuente_capacidad_estimada":"DOCUMENTO"}},{"type":"Feature","geometry":{"type":"Point","coordinates":[-62.732879,-35.973107]},"properties":{"id":"IND-MOL-028","empresa":"Mastellone Hnos. S.A. (La Serenísima)","planta":"Planta Trenque Lauquen","categoria":"Molinería y Alimentos Básicos a Granel","categoria_cod":"MOL","subsector":"Lácteos","tipo":"PLANTA","producto_principal":"Productos lácteos","capacidad_declarada":"Incluida en el total del grupo","origen_materia_prima":"Leche de tambos del oeste bonaerense","estado_operativo":"ACTIVA","ubicacion_texto":"Trenque Lauquen, Bs. As.","localidad":"Trenque Lauquen","provincia":"Buenos Aires","notas":"","sin_ubicar":false,"lat":-35.973107,"lon":-62.732879,"precision_ubicacion":"ESTIMADA","metodo_geocodificacion":"Nominatim/OSM: Trenque Lauquen, Partido de Trenque Lauquen, Buenos Aires, Argentina (boundary/administrative)","capacidad_estimada":null,"confianza_estimacion":null,"fuente_capacidad_estimada":"DOCUMENTO"}},{"type":"Feature","geometry":{"type":"Point","coordinates":[-63.039867,-36.872184]},"properties":{"id":"IND-MOL-029","empresa":"Mastellone Hnos. S.A. (La Serenísima)","planta":"Planta Leubucó","categoria":"Molinería y Alimentos Básicos a Granel","categoria_cod":"MOL","subsector":"Lácteos","tipo":"PLANTA","producto_principal":"Productos lácteos","capacidad_declarada":"Incluida en el total del grupo","origen_materia_prima":"Leche de tambos bonaerenses","estado_operativo":"ACTIVA","ubicacion_texto":"Leubucó, Bs. As.","localidad":"Leubucó","provincia":"Buenos Aires","notas":"El documento no consigna el partido; OSM resuelve el paraje Leubucó en el partido de Adolfo Alsina.","sin_ubicar":false,"lat":-36.872184,"lon":-63.039867,"precision_ubicacion":"EXACTA","metodo_geocodificacion":"Nominatim/OSM: Leubucó, Partido de Adolfo Alsina, Buenos Aires, Argentina (place/hamlet)","capacidad_estimada":null,"confianza_estimacion":null,"fuente_capacidad_estimada":"DOCUMENTO"}},{"type":"Feature","geometry":{"type":"Point","coordinates":[-59.135696,-37.328289]},"properties":{"id":"IND-MOL-030","empresa":"Mastellone Hnos. S.A. (La Serenísima)","planta":"Planta Tandil","categoria":"Molinería y Alimentos Básicos a Granel","categoria_cod":"MOL","subsector":"Lácteos","tipo":"PLANTA","producto_principal":"Productos lácteos","capacidad_declarada":"Incluida en el total del grupo","origen_materia_prima":"Leche de tambos bonaerenses","estado_operativo":"ACTIVA","ubicacion_texto":"Tandil, Bs. As.","localidad":"Tandil","provincia":"Buenos Aires","notas":"","sin_ubicar":false,"lat":-37.328289,"lon":-59.135696,"precision_ubicacion":"ESTIMADA","metodo_geocodificacion":"Nominatim/OSM: Tandil, Partido de Tandil, Buenos Aires, Argentina (boundary/administrative)","capacidad_estimada":null,"confianza_estimacion":null,"fuente_capacidad_estimada":"DOCUMENTO"}},{"type":"Feature","geometry":{"type":"Point","coordinates":[-62.859152,-33.589224]},"properties":{"id":"IND-MOL-031","empresa":"Mastellone Hnos. S.A. (La Serenísima)","planta":"Planta Canals","categoria":"Molinería y Alimentos Básicos a Granel","categoria_cod":"MOL","subsector":"Lácteos","tipo":"PLANTA","producto_principal":"Productos lácteos","capacidad_declarada":"Incluida en el total del grupo","origen_materia_prima":"Leche de tambos cordobeses","estado_operativo":"ACTIVA","ubicacion_texto":"Canals, Córdoba","localidad":"Canals","provincia":"Córdoba","notas":"","sin_ubicar":false,"lat":-33.589224,"lon":-62.859152,"precision_ubicacion":"EXACTA","metodo_geocodificacion":"Nominatim/OSM: Mastellone Hermanos, T-34-07, Municipio de Canals, Pedanía Loboy, Departamento Unión, Córdoba, X2550, Argentina (building/yes)","capacidad_estimada":null,"confianza_estimacion":null,"fuente_capacidad_estimada":"DOCUMENTO"}},{"type":"Feature","geometry":{"type":"Point","coordinates":[-65.548658,-33.631345]},"properties":{"id":"IND-MOL-032","empresa":"Mastellone Hnos. S.A. (La Serenísima)","planta":"Planta Villa Mercedes","categoria":"Molinería y Alimentos Básicos a Granel","categoria_cod":"MOL","subsector":"Lácteos","tipo":"PLANTA","producto_principal":"Productos lácteos","capacidad_declarada":"Incluida en el total del grupo","origen_materia_prima":"Leche de tambos regionales","estado_operativo":"ACTIVA","ubicacion_texto":"Villa Mercedes, San Luis","localidad":"Villa Mercedes","provincia":"San Luis","notas":"","sin_ubicar":false,"lat":-33.631345,"lon":-65.548658,"precision_ubicacion":"EXACTA","metodo_geocodificacion":"Nominatim/OSM: Mastellone San Luis, Camino Interfábrica, Altos de Chacabuco, Ciudad Jardín I, Municipio de Villa Mercedes, General Pedernera, San Luis, Argentina (building/industrial)","capacidad_estimada":null,"confianza_estimacion":null,"fuente_capacidad_estimada":"DOCUMENTO"}},{"type":"Feature","geometry":{"type":"Point","coordinates":[-58.647972,-34.962257]},"properties":{"id":"IND-MOL-033","empresa":"Mastellone Hnos. S.A. (La Serenísima)","planta":"Planta histórica La Martona (ex Vicente Casares)","categoria":"Molinería y Alimentos Básicos a Granel","categoria_cod":"MOL","subsector":"Lácteos","tipo":"PLANTA","producto_principal":"Marca histórica (primera láctea argentina, 1889; adquirida en 1978)","capacidad_declarada":"Sin dato público oficial","origen_materia_prima":"Sin dato público oficial","estado_operativo":"ACTIVA","ubicacion_texto":"Vicente Casares, Cañuelas, Bs. As.","localidad":"Vicente Casares","provincia":"Buenos Aires","notas":"Valor patrimonial de marca; el pueblo de Vicente Casares nació alrededor de la usina.","sin_ubicar":false,"lat":-34.962257,"lon":-58.647972,"precision_ubicacion":"EXACTA","metodo_geocodificacion":"Nominatim/OSM: Vicente Casares, Ruta Provincial 205, Partido de Cañuelas, Buenos Aires, 1808, Argentina (railway/station)","capacidad_estimada":null,"confianza_estimacion":null,"fuente_capacidad_estimada":"NO_DISPONIBLE"}},{"type":"Feature","geometry":{"type":"Point","coordinates":[-61.560807,-30.945089]},"properties":{"id":"IND-MOL-034","empresa":"SanCor Cooperativas Unidas Ltda.","planta":"Planta Sunchales (sede central)","categoria":"Molinería y Alimentos Básicos a Granel","categoria_cod":"MOL","subsector":"Lácteos","tipo":"PLANTA","producto_principal":"Leche UAT, leche en polvo, dulce de leche (llegó a procesar 2.000.000 l/día; hoy <10% de utilización)","capacidad_declarada":"Valuada en US$2,4M (subasta 2026)","origen_materia_prima":"Leche de tambos de Santa Fe/Córdoba","estado_operativo":"EN_QUIEBRA/SUBASTA","ubicacion_texto":"Sunchales, Santa Fe","localidad":"Sunchales","provincia":"Santa Fe","notas":"En quiebra desde 2026; subasta judicial en curso (base US$52,1M por 6 plantas + marcas).","sin_ubicar":false,"lat":-30.945089,"lon":-61.560807,"precision_ubicacion":"ESTIMADA","metodo_geocodificacion":"Nominatim/OSM: Municipio de Sunchales, Departamento Castellanos, Santa Fe, Argentina (boundary/administrative)","capacidad_estimada":null,"confianza_estimacion":null,"fuente_capacidad_estimada":"DOCUMENTO"}},{"type":"Feature","geometry":{"type":"Point","coordinates":[-61.215409,-32.041639]},"properties":{"id":"IND-MOL-035","empresa":"SanCor Cooperativas Unidas Ltda.","planta":"Planta Gálvez","categoria":"Molinería y Alimentos Básicos a Granel","categoria_cod":"MOL","subsector":"Lácteos","tipo":"PLANTA","producto_principal":"Maduración y fraccionamiento/empaque de quesos","capacidad_declarada":"Valuada en US$5,5M (subasta 2026)","origen_materia_prima":"Leche de tambos regionales","estado_operativo":"EN_QUIEBRA/SUBASTA","ubicacion_texto":"Gálvez, Santa Fe","localidad":"Gálvez","provincia":"Santa Fe","notas":"","sin_ubicar":false,"lat":-32.041639,"lon":-61.215409,"precision_ubicacion":"EXACTA","metodo_geocodificacion":"Nominatim/OSM: Sancor cooperativa limitada, 450, Bulevar Argentino, Florida, Gálvez, Municipio de Gálvez, Departamento San Jerónimo, Santa Fe, S2252, Argentina (man_made/works)","capacidad_estimada":null,"confianza_estimacion":null,"fuente_capacidad_estimada":"DOCUMENTO"}},{"type":"Feature","geometry":{"type":"Point","coordinates":[-61.924112,-30.363067]},"properties":{"id":"IND-MOL-036","empresa":"SanCor Cooperativas Unidas Ltda.","planta":"Planta San Guillermo","categoria":"Molinería y Alimentos Básicos a Granel","categoria_cod":"MOL","subsector":"Lácteos","tipo":"PLANTA","producto_principal":"Queso en barra y mozzarella","capacidad_declarada":"Valuada en US$2,5M (subasta 2026); paralizada desde dic. 2025","origen_materia_prima":"Leche de tambos regionales","estado_operativo":"EN_QUIEBRA/SUBASTA","ubicacion_texto":"San Guillermo, Depto. San Cristóbal, Santa Fe","localidad":"San Guillermo","provincia":"Santa Fe","notas":"","sin_ubicar":false,"lat":-30.363067,"lon":-61.924112,"precision_ubicacion":"EXACTA","metodo_geocodificacion":"Nominatim/OSM: Sancor, Presidente General Roca, Municipio de San Guillermo, Departamento San Cristóbal, Santa Fe, 2347, Argentina (man_made/works)","capacidad_estimada":null,"confianza_estimacion":null,"fuente_capacidad_estimada":"DOCUMENTO"}},{"type":"Feature","geometry":{"type":"Point","coordinates":[-62.290809,-31.405361]},"properties":{"id":"IND-MOL-037","empresa":"SanCor Cooperativas Unidas Ltda.","planta":"Planta Devoto","categoria":"Molinería y Alimentos Básicos a Granel","categoria_cod":"MOL","subsector":"Lácteos","tipo":"PLANTA","producto_principal":"Crema, manteca y queso untable (Mendicrim)","capacidad_declarada":"Valuada en US$7M (subasta 2026)","origen_materia_prima":"Leche de tambos cordobeses","estado_operativo":"EN_QUIEBRA/SUBASTA","ubicacion_texto":"Devoto, Córdoba","localidad":"Devoto","provincia":"Córdoba","notas":"","sin_ubicar":false,"lat":-31.405361,"lon":-62.290809,"precision_ubicacion":"EXACTA","metodo_geocodificacion":"Nominatim/OSM: Industria Láctea SanCor, Bulevar 25 de Mayo, Municipio de Devoto, Pedanía Juárez Celman, Departamento San Justo, Córdoba, X2400, Argentina (man_made/works)","capacidad_estimada":null,"confianza_estimacion":null,"fuente_capacidad_estimada":"DOCUMENTO"}},{"type":"Feature","geometry":{"type":"Point","coordinates":[-62.665413,-31.012826]},"properties":{"id":"IND-MOL-038","empresa":"SanCor Cooperativas Unidas Ltda.","planta":"Planta Balnearia","categoria":"Molinería y Alimentos Básicos a Granel","categoria_cod":"MOL","subsector":"Lácteos","tipo":"PLANTA","producto_principal":"Quesos semiduros (pategrás, danbo, fontina, sardo)","capacidad_declarada":"Valuada en US$5M (subasta 2026)","origen_materia_prima":"Leche de tambos cordobeses","estado_operativo":"EN_QUIEBRA/SUBASTA","ubicacion_texto":"Balnearia, Córdoba","localidad":"Balnearia","provincia":"Córdoba","notas":"","sin_ubicar":false,"lat":-31.012826,"lon":-62.665413,"precision_ubicacion":"ESTIMADA","metodo_geocodificacion":"Nominatim/OSM: Balnearia, Municipio de Balnearia, Pedanía Concepción, Departamento San Justo, Córdoba, X2400, Argentina (boundary/administrative)","capacidad_estimada":null,"confianza_estimacion":null,"fuente_capacidad_estimada":"DOCUMENTO"}},{"type":"Feature","geometry":{"type":"Point","coordinates":[-63.293495,-33.417936]},"properties":{"id":"IND-MOL-039","empresa":"SanCor Cooperativas Unidas Ltda.","planta":"Planta La Carlota","categoria":"Molinería y Alimentos Básicos a Granel","categoria_cod":"MOL","subsector":"Lácteos","tipo":"PLANTA","producto_principal":"Quesos duros y de rallar","capacidad_declarada":"Valuada en US$5M (subasta 2026)","origen_materia_prima":"Leche de tambos cordobeses","estado_operativo":"EN_QUIEBRA/SUBASTA","ubicacion_texto":"La Carlota, Córdoba","localidad":"La Carlota","provincia":"Córdoba","notas":"","sin_ubicar":false,"lat":-33.417936,"lon":-63.293495,"precision_ubicacion":"ESTIMADA","metodo_geocodificacion":"Nominatim/OSM: La Carlota, Municipio de La Carlota, Pedanía La Carlota, Departamento Juárez Celman, Córdoba, X2670, Argentina (boundary/administrative)","capacidad_estimada":null,"confianza_estimacion":null,"fuente_capacidad_estimada":"DOCUMENTO"}},{"type":"Feature","geometry":{"type":"Point","coordinates":[-60.007572,-34.936462]},"properties":{"id":"IND-MOL-040","empresa":"Adecoagro (Grupo Lácteo)","planta":"Planta Chivilcoy (ex SanCor)","categoria":"Molinería y Alimentos Básicos a Granel","categoria_cod":"MOL","subsector":"Lácteos","tipo":"PLANTA","producto_principal":"Productos lácteos (marcas Las Tres Niñas, Angelita, Apóstoles)","capacidad_declarada":"1.100.000 litros/día de recepción a nivel grupo","origen_materia_prima":"Leche de tambos propios y de terceros","estado_operativo":"ACTIVA","ubicacion_texto":"Chivilcoy, Bs. As.","localidad":"Chivilcoy","provincia":"Buenos Aires","notas":"Comprada a SanCor en 2018 (operación conjunta con Morteros, US$45M).","sin_ubicar":false,"lat":-34.936462,"lon":-60.007572,"precision_ubicacion":"EXACTA","metodo_geocodificacion":"Nominatim/OSM: Adecoagro, Chivilcoy, Partido de Chivilcoy, Buenos Aires, Argentina (landuse/industrial)","capacidad_estimada":null,"confianza_estimacion":null,"fuente_capacidad_estimada":"DOCUMENTO"}},{"type":"Feature","geometry":{"type":"Point","coordinates":[-62.006706,-30.710704]},"properties":{"id":"IND-MOL-041","empresa":"Adecoagro (Grupo Lácteo)","planta":"Planta Morteros (ex SanCor)","categoria":"Molinería y Alimentos Básicos a Granel","categoria_cod":"MOL","subsector":"Lácteos","tipo":"PLANTA","producto_principal":"Productos lácteos","capacidad_declarada":"Incluida en el total del grupo","origen_materia_prima":"Leche de tambos regionales","estado_operativo":"ACTIVA","ubicacion_texto":"Morteros, Córdoba","localidad":"Morteros","provincia":"Córdoba","notas":"Comprada a SanCor en 2018 (operación conjunta con Chivilcoy, US$45M).","sin_ubicar":false,"lat":-30.710704,"lon":-62.006706,"precision_ubicacion":"ESTIMADA","metodo_geocodificacion":"Nominatim/OSM: Morteros, Municipio de Morteros, Pedanía Libertad, Departamento San Justo, Córdoba, X2421, Argentina (boundary/administrative)","capacidad_estimada":null,"confianza_estimacion":null,"fuente_capacidad_estimada":"DOCUMENTO"}},{"type":"Feature","geometry":{"type":"Point","coordinates":[-60.932471,-31.586866]},"properties":{"id":"IND-MOL-042","empresa":"Savencia Fromage & Dairy (ex Bongrain) — Milkaut","planta":"Planta Milkaut — Franck","categoria":"Molinería y Alimentos Básicos a Granel","categoria_cod":"MOL","subsector":"Lácteos","tipo":"PLANTA","producto_principal":"Quesos, leche en polvo y derivados","capacidad_declarada":"Grupo recibe 1.700.000 litros/día a nivel nacional","origen_materia_prima":"Leche de tambos santafesinos","estado_operativo":"ACTIVA","ubicacion_texto":"Franck, Santa Fe","localidad":"Franck","provincia":"Santa Fe","notas":"","sin_ubicar":false,"lat":-31.586866,"lon":-60.932471,"precision_ubicacion":"EXACTA","metodo_geocodificacion":"Nominatim/OSM: Milkaut, 1602, Sarmiento, Franck, Municipio de Franck, Departamento Las Colonias, Santa Fe, S3009, Argentina (man_made/works)","capacidad_estimada":null,"confianza_estimacion":null,"fuente_capacidad_estimada":"DOCUMENTO"}},{"type":"Feature","geometry":{"type":"Point","coordinates":[-61.491676,-31.252692]},"properties":{"id":"IND-MOL-043","empresa":"Savencia Fromage & Dairy — Ilolay (ex Suc. de Alfredo Williner)","planta":"Planta Ilolay — Rafaela","categoria":"Molinería y Alimentos Básicos a Granel","categoria_cod":"MOL","subsector":"Lácteos","tipo":"PLANTA","producto_principal":"Quesos, yogures, leche larga vida y en polvo (25% de ventas al exterior)","capacidad_declarada":"Incluida en el total del grupo Savencia","origen_materia_prima":"Leche de tambos santafesinos","estado_operativo":"ACTIVA","ubicacion_texto":"Rafaela, Santa Fe","localidad":"Rafaela","provincia":"Santa Fe","notas":"","sin_ubicar":false,"lat":-31.252692,"lon":-61.491676,"precision_ubicacion":"ESTIMADA","metodo_geocodificacion":"Nominatim/OSM: Rafaela, Municipio de Rafaela, Departamento Castellanos, Santa Fe, S2300, Argentina (boundary/administrative)","capacidad_estimada":null,"confianza_estimacion":null,"fuente_capacidad_estimada":"DOCUMENTO"}},{"type":"Feature","geometry":{"type":"Point","coordinates":[-61.491676,-31.252692]},"properties":{"id":"IND-MOL-044","empresa":"Saputo Argentina (canadiense, ex Vicentín/CityLab)","planta":"Planta Rafaela","categoria":"Molinería y Alimentos Básicos a Granel","categoria_cod":"MOL","subsector":"Lácteos","tipo":"PLANTA","producto_principal":"Productos lácteos","capacidad_declarada":"Líder del ranking 2025-2026: 3.800.000 litros/día de recepción","origen_materia_prima":"Leche de tambos santafesinos","estado_operativo":"ACTIVA","ubicacion_texto":"Rafaela, Santa Fe","localidad":"Rafaela","provincia":"Santa Fe","notas":"","sin_ubicar":false,"lat":-31.252692,"lon":-61.491676,"precision_ubicacion":"ESTIMADA","metodo_geocodificacion":"Nominatim/OSM: Rafaela, Municipio de Rafaela, Departamento Castellanos, Santa Fe, S2300, Argentina (boundary/administrative)","capacidad_estimada":null,"confianza_estimacion":null,"fuente_capacidad_estimada":"DOCUMENTO"}},{"type":"Feature","geometry":{"type":"Point","coordinates":[-63.463883,-32.164132]},"properties":{"id":"IND-MOL-045","empresa":"Punta del Agua S.A.","planta":"Planta Punta del Agua","categoria":"Molinería y Alimentos Básicos a Granel","categoria_cod":"MOL","subsector":"Lácteos","tipo":"PLANTA","producto_principal":"Productos lácteos","capacidad_declarada":"1.300.000 litros/día de recepción","origen_materia_prima":"Leche de tambos cordobeses","estado_operativo":"ACTIVA","ubicacion_texto":"Córdoba (zona a confirmar)","localidad":"Punta del Agua","provincia":"Córdoba","notas":"Grupo cordobés; el documento marca la zona como no confirmada. La coordenada corresponde al paraje Punta del Agua (Depto. Río Cuarto) y debe verificarse contra la empresa. Ubicación aportada por investigación externa (capacidades_estimadas.json): Planta industrial en James Craik, Córdoba (Bv. San Martín esq. Salta); sede administrativa en Villa María. Fuentes: https://cordobainteriorinforma.com/2019/03/27/en-james-craik-avanzan-las-obras-de-la-futura-planta-fabril-de-punta-del-agua/ y https://www.todoagro.com.ar/punta-del-agua-se-convirtio-en-la-cuarta-empresa-lactea-de-argentina/","sin_ubicar":false,"lat":-32.164132,"lon":-63.463883,"precision_ubicacion":"ESTIMADA","metodo_geocodificacion":"Nominatim/OSM: James Craik, Boulevard San Martín, James Craik, Municipio de James Craik, Pedanía Zorros, Departamento Tercero Arriba, Córdoba, X5980, Argentina (railway/station)","capacidad_estimada":"entre 1.020.000 y 1.050.000 litros de leche/día de recepción y procesamiento","confianza_estimacion":"MEDIA","fuente_capacidad_estimada":"ESTIMACION_EXTERNA: todoagro.com.ar ('Punta del Agua se convirtió en la cuarta empresa láctea de Argentina') y cordobainteriorinforma.com (obras de la planta en James Craik); cifra algo menor a la del documento (1.300.000 l/día), posiblemente por diferencia temporal."}},{"type":"Feature","geometry":{"type":"Point","coordinates":[-61.214212,-32.041052]},"properties":{"id":"IND-ENE-001","empresa":"Tadeo Czerweny S.A.","planta":"Planta industrial Gálvez","categoria":"Nodos Energéticos y Material Eléctrico Pesado","categoria_cod":"ENE","subsector":"Transformadores","tipo":"PLANTA","producto_principal":"Transformadores de distribución y potencia, subestaciones móviles","capacidad_declarada":"Transformadores de potencia hasta 100-300 MVA y hasta 500 kV","origen_materia_prima":"Chapa magnética, cobre, aislantes (mayormente importados)","estado_operativo":"ACTIVA","ubicacion_texto":"Bv. Argentino 374, Gálvez, Santa Fe","localidad":"Gálvez","provincia":"Santa Fe","notas":"","sin_ubicar":false,"lat":-32.041052,"lon":-61.214212,"precision_ubicacion":"EXACTA","metodo_geocodificacion":"Nominatim/OSM: 374, Bulevar Argentino, Florida, Gálvez, Municipio de Gálvez, Departamento San Jerónimo, Santa Fe, S2252BZG, Argentina (place/house)","capacidad_estimada":null,"confianza_estimacion":null,"fuente_capacidad_estimada":"DOCUMENTO"}},{"type":"Feature","geometry":{"type":"Point","coordinates":[-58.501762,-34.657863]},"properties":{"id":"IND-ENE-002","empresa":"Prysmian Energía Cables y Sistemas de Argentina","planta":"Planta \"La Rosa\"","categoria":"Nodos Energéticos y Material Eléctrico Pesado","categoria_cod":"ENE","subsector":"Cables de potencia","tipo":"PLANTA","producto_principal":"Cables de energía de media y alta tensión (hasta 245 kV) y cables ópticos","capacidad_declarada":"Centro de excelencia sudamericano para cables subterráneos de alta tensión (132-220 kV); inversión de US$15M en nueva línea (2018)","origen_materia_prima":"Cobre, aluminio, XLPE","estado_operativo":"ACTIVA","ubicacion_texto":"Barrio de Mataderos, CABA","localidad":"Mataderos","provincia":"Ciudad Autónoma de Buenos Aires","notas":"","sin_ubicar":false,"lat":-34.657863,"lon":-58.501762,"precision_ubicacion":"ESTIMADA","metodo_geocodificacion":"Nominatim/OSM: Mataderos, Buenos Aires, Comuna 9, Ciudad Autónoma de Buenos Aires, Argentina (boundary/administrative)","capacidad_estimada":null,"confianza_estimacion":null,"fuente_capacidad_estimada":"DOCUMENTO"}},{"type":"Feature","geometry":{"type":"Point","coordinates":[-58.739943,-34.661425]},"properties":{"id":"IND-ENE-003","empresa":"IMSA (Industria Metalúrgica Sud Americana)","planta":"Planta industrial Merlo","categoria":"Nodos Energéticos y Material Eléctrico Pesado","categoria_cod":"ENE","subsector":"Cables de potencia","tipo":"PLANTA","producto_principal":"Cables eléctricos de baja/media/alta tensión, alambres esmaltados de cobre y aluminio, metales semielaborados","capacidad_declarada":"s/d (planta integrada: laminación en caliente y frío de cobre, colada continua de alambrón, líneas de vulcanización y catenaria para MT/AT)","origen_materia_prima":"Cobre y aluminio (colada continua propia)","estado_operativo":"ACTIVA","ubicacion_texto":"Av. Pres. Juan Domingo Perón 26399, Merlo, Bs. As.","localidad":"Merlo","provincia":"Buenos Aires","notas":"Operando desde 1947. El documento aclara que la ubicación exacta no fue confirmada por fuente secundaria.","sin_ubicar":false,"lat":-34.661425,"lon":-58.739943,"precision_ubicacion":"EXACTA","metodo_geocodificacion":"Nominatim/OSM: IMSA, Lago del Bosque, Merlo, Partido de Merlo, Buenos Aires, Argentina (landuse/industrial)","capacidad_estimada":null,"confianza_estimacion":null,"fuente_capacidad_estimada":"DOCUMENTO"}},{"type":"Feature","geometry":{"type":"Point","coordinates":[-71.963934,-43.00767]},"properties":{"id":"IND-ENE-004","empresa":"Aluar Aluminio Argentino S.A.I.C.","planta":"Central Hidroeléctrica Futaleufú","categoria":"Nodos Energéticos y Material Eléctrico Pesado","categoria_cod":"ENE","subsector":"Generación hidroeléctrica","tipo":"CENTRAL_ENERGETICA","producto_principal":"Generación hidroeléctrica (autoabastecimiento industrial)","capacidad_declarada":"560 MW","origen_materia_prima":"Sin dato público oficial","estado_operativo":"ACTIVA","ubicacion_texto":"Futaleufú, Chubut","localidad":"Futaleufú","provincia":"Chubut","notas":"Abastece la planta de aluminio primario de Puerto Madryn. OSM no expone la presa ni la casa de máquinas: la coordenada es el embalse Amutui Quimei, referencia gruesa del complejo.","sin_ubicar":false,"lat":-43.00767,"lon":-71.963934,"precision_ubicacion":"ESTIMADA","metodo_geocodificacion":"Nominatim/OSM: Embalse Amutui Quimei, Departamento Futaleufú, Chubut, Argentina (water/reservoir)","capacidad_estimada":null,"confianza_estimacion":null,"fuente_capacidad_estimada":"DOCUMENTO"}},{"type":"Feature","geometry":{"type":"Point","coordinates":[-65.25908,-42.63904]},"properties":{"id":"IND-ENE-005","empresa":"Aluar Aluminio Argentino S.A.I.C.","planta":"Parque Eólico Aluar (PEAL)","categoria":"Nodos Energéticos y Material Eléctrico Pesado","categoria_cod":"ENE","subsector":"Generación eólica","tipo":"CENTRAL_ENERGETICA","producto_principal":"Generación eólica","capacidad_declarada":"246 MW actuales, proyectado a 582 MW (119 aerogeneradores)","origen_materia_prima":"Sin dato público oficial","estado_operativo":"ACTIVA","ubicacion_texto":"Puerto Madryn, Chubut","localidad":"Puerto Madryn","provincia":"Chubut","notas":"","sin_ubicar":false,"lat":-42.63904,"lon":-65.25908,"precision_ubicacion":"EXACTA","metodo_geocodificacion":"Nominatim/OSM: Parque Eólico Aluar I, Departamento Biedma, Chubut, Argentina (landuse/industrial)","capacidad_estimada":null,"confianza_estimacion":null,"fuente_capacidad_estimada":"DOCUMENTO"}},{"type":"Feature","geometry":{"type":"Point","coordinates":[-60.323168,-36.893875]},"properties":{"id":"IND-ENE-006","empresa":"Cementos Avellaneda / YPF Luz","planta":"Parque Eólico Cementos Avellaneda","categoria":"Nodos Energéticos y Material Eléctrico Pesado","categoria_cod":"ENE","subsector":"Generación eólica","tipo":"CENTRAL_ENERGETICA","producto_principal":"Generación eólica (autoabastecimiento de planta cementera)","capacidad_declarada":"63 MW (9 aerogeneradores Nordex Delta 7MW), factor de capacidad 47%","origen_materia_prima":"Sin dato público oficial","estado_operativo":"ACTIVA","ubicacion_texto":"Olavarría, Bs. As. (predio de la cementera, 450 ha)","localidad":"Olavarría","provincia":"Buenos Aires","notas":"","sin_ubicar":false,"lat":-36.893875,"lon":-60.323168,"precision_ubicacion":"ESTIMADA","metodo_geocodificacion":"Nominatim/OSM: Olavarría, Partido de Olavarría, Buenos Aires, B7400, Argentina (place/city)","capacidad_estimada":null,"confianza_estimacion":null,"fuente_capacidad_estimada":"DOCUMENTO"}}]}